cod_barras;nome;fabricante;tamanho;cor_sabor;vlr_custo;vlr_atacado;vlr_varejo;ncm;forma_aquisicao;origem_mercadoria;tipo_tributacao_ipi;Uni Comercial
789131000386;BERMUDA MOLETOM-PRETO-S;BODY STYLE;S;PRETO;0,00;0,00;0,00;61012000;30;11;19;UN
789131000387;BERMUDA MOLETOM-PRETO-M;BODY STYLE;M;PRETO;0,00;0,00;0,00;61012000;30;11;19;UN
789131000388;BERMUDA MOLETOM-PRETO-L;BODY STYLE;L;PRETO;0,00;0,00;0,00;61012000;30;11;19;UN
789131000389;BERMUDA MOLETOM-PRETO-XL;BODY STYLE;XL;PRETO;0,00;0,00;0,00;61012000;30;11;19;UN
789131000557;CAMISA MASC-DIVERSAS-S;BODY STYLE;S;DIVERSAS;0,00;0,00;25,00;61091000;30;11;19;UN
789131000558;CAMISA MASC-DIVERSAS-M;BODY STYLE;M;DIVERSAS;0,00;0,00;25,00;61091000;30;11;19;UN
789131000559;CAMISA MASC-DIVERSAS-L;BODY STYLE;L;DIVERSAS;0,00;0,00;25,00;61091000;30;11;19;UN
789131000560;CAMISA MASC-DIVERSAS-XL;BODY STYLE;XL;DIVERSAS;0,00;0,00;25,00;61091000;30;11;19;UN
789131000561;REGATA MASC-DIVERSAS-S;BODY STYLE;S;DIVERSAS;0,00;0,00;27,00;61091000;30;11;19;UN
789131000562;REGATA MASC-DIVERSAS-M;BODY STYLE;M;DIVERSAS;0,00;0,00;27,00;61091000;30;11;19;UN
789131000563;REGATA MASC-DIVERSAS-L;BODY STYLE;L;DIVERSAS;0,00;0,00;27,00;61091000;30;11;19;UN
789131000564;REGATA MASC-DIVERSAS-XL;BODY STYLE;XL;DIVERSAS;0,00;0,00;27,00;61091000;30;11;19;UN
789131000565;REGATA FEM-DIVERSAS-S;BODY STYLE;S;DIVERSAS;0,00;0,00;27,00;61061000;30;11;19;UN
789131000566;REGATA FEM-DIVERSAS-M;BODY STYLE;M;DIVERSAS;0,00;0,00;27,00;61061000;30;11;19;UN
789131000567;REGATA FEM-DIVERSAS-L;BODY STYLE;L;DIVERSAS;0,00;0,00;27,00;61061000;30;11;19;UN
789131000568;BLUSA FEM-DIVERSAS-S;BODY STYLE;S;DIVERSAS;0,00;0,00;25,00;61061000;30;11;19;UN
789131000569;BLUSA FEM-DIVERSAS-M;BODY STYLE;M;DIVERSAS;0,00;0,00;25,00;61061000;30;11;19;UN
789131000570;BLUSA FEM-DIVERSAS-L;BODY STYLE;L;DIVERSAS;0,00;0,00;25,00;61061000;30;11;19;UN
789131000859;CAMISA MASC-DIVERSAS-S;BODY STYLE;S;DIVERSAS;0,00;0,00;30,00;61091000;30;11;19;UN
789131000860;CAMISA MASC-DIVERSAS-M;BODY STYLE;M;DIVERSAS;0,00;0,00;30,00;61091000;30;11;19;UN
789131000861;CAMISA MASC-DIVERSAS-L;BODY STYLE;L;DIVERSAS;0,00;0,00;30,00;61091000;30;11;19;UN
789131000862;CAMISA MASC-DIVERSAS-XL;BODY STYLE;XL;DIVERSAS;0,00;0,00;30,00;61091000;30;11;19;UN
789131000863;CAMISA MASC-DIVERSAS-XXL;BODY STYLE;XXL;DIVERSAS;0,00;0,00;30,00;61091000;30;11;19;UN
789131000864;BLUSA FEM-DIVERSAS-S;BODY STYLE;S;DIVERSAS;0,00;0,00;29,00;61062000;30;11;19;UN
789131000865;BLUSA FEM-DIVERSAS-M;BODY STYLE;M;DIVERSAS;0,00;0,00;29,00;61062000;30;11;19;UN
789131000866;BLUSA FEM-DIVERSAS-L;BODY STYLE;L;DIVERSAS;0,00;0,00;29,00;61062000;30;11;19;UN
789000000909;CAMISA MASC -DIVERSAS-S;BODY STYLE;S;DIVERSAS;0,00;35,00;69,00;61091000;30;11;19;UN
789000000910;CAMISA MASC -DIVERSAS-M;BODY STYLE;M;DIVERSAS;0,00;35,00;69,00;61091000;30;11;19;UN
789000000911;CAMISA MASC -DIVERSAS-L;BODY STYLE;L;DIVERSAS;0,00;35,00;69,00;61091000;30;11;19;UN
789000000912;CAMISA MASC -DIVERSAS-XL;BODY STYLE;XL;DIVERSAS;0,00;35,00;69,00;61091000;30;11;19;UN
790000006502;BERMUDA CHUMBO MESCLA-CHUMBO-S;BODY STYLE;S;CHUMBO;0,00;55,00;119,00;61012000;30;11;19;UN
790000006503;BERMUDA CHUMBO MESCLA-CHUMBO-M;BODY STYLE;M;CHUMBO;0,00;55,00;119,00;61012000;30;11;19;UN
790000006504;BERMUDA CHUMBO MESCLA-CHUMBO-L;BODY STYLE;L;CHUMBO;0,00;55,00;119,00;61012000;30;11;19;UN
790000006505;BERMUDA CHUMBO MESCLA-CHUMBO-XL;BODY STYLE;XL;CHUMBO;0,00;55,00;119,00;61012000;30;11;19;UN
789000000941;BERMUDA MASC-DIVERSAS-S;BODY STYLE;S;DIVERSAS;0,00;49,00;89,00;61012000;30;11;19;UN
789000000942;BERMUDA MASC-DIVERSAS-M;BODY STYLE;M;DIVERSAS;0,00;49,00;89,00;61012000;30;11;19;UN
789000000943;BERMUDA MASC-DIVERSAS-L;BODY STYLE;L;DIVERSAS;0,00;49,00;89,00;61012000;30;11;19;UN
789000000944;BERMUDA MASC-DIVERSAS-XL;BODY STYLE;XL;DIVERSAS;0,00;49,00;89,00;61012000;30;11;19;UN
789000000945;BERMUDA MASC-DIVERSAS-S;BODY STYLE;S;DIVERSAS;0,00;49,00;89,00;61012000;30;11;19;UN
789000000946;BERMUDA MASC-DIVERSAS-M;BODY STYLE;M;DIVERSAS;0,00;49,00;89,00;61012000;30;11;19;UN
789000000947;BERMUDA MASC-DIVERSAS-L;BODY STYLE;L;DIVERSAS;0,00;49,00;89,00;61012000;30;11;19;UN
789000000948;BERMUDA MASC-DIVERSAS-XL;BODY STYLE;XL;DIVERSAS;0,00;49,00;89,00;61012000;30;11;19;UN
789000000949;BLUSA FEM-DIVERSAS-S;BODY STYLE;S;DIVERSAS;0,00;29,00;59,00;61061000;30;11;19;UN
789000000950;BLUSA FEM-DIVERSAS-M;BODY STYLE;M;DIVERSAS;0,00;29,00;59,00;61061000;30;11;19;UN
789000000951;BLUSA FEM-DIVERSAS-L;BODY STYLE;L;DIVERSAS;0,00;29,00;59,00;61061000;30;11;19;UN
789000000994;VESTIDO-CINZA-S;BODY STYLE;S;CINZA;0,00;39,00;69,00;61044200;30;11;19;UN
789000000995;VESTIDO-CINZA-M;BODY STYLE;M;CINZA;0,00;39,00;69,00;61044200;30;11;19;UN
789000000996;VESTIDO-CINZA-L;BODY STYLE;L;CINZA;0,00;39,00;69,00;61044200;30;11;19;UN
790000003094;BERMUDA MASC-DIVERSAS-S;BODY STYLE;S;DIVERSAS;0,00;49,00;89,00;61012000;30;11;19;UN
790000003095;BERMUDA MASC-DIVERSAS-M;BODY STYLE;M;DIVERSAS;0,00;49,00;89,00;61012000;30;11;19;UN
790000003096;BERMUDA MASC-DIVERSAS-L;BODY STYLE;L;DIVERSAS;0,00;49,00;89,00;61012000;30;11;19;UN
790000003097;BERMUDA MASC-DIVERSAS-XL;BODY STYLE;XL;DIVERSAS;0,00;49,00;89,00;61012000;30;11;19;UN
790000003098;BERMUDA MASC-DIVERSAS-S;BODY STYLE;S;DIVERSAS;0,00;49,00;89,00;61012000;30;11;19;UN
790000003099;BERMUDA MASC-DIVERSAS-M;BODY STYLE;M;DIVERSAS;0,00;49,00;89,00;61012000;30;11;19;UN
790000003100;BERMUDA MASC-DIVERSAS-L;BODY STYLE;L;DIVERSAS;0,00;49,00;89,00;61012000;30;11;19;UN
790000003101;BERMUDA MASC-DIVERSAS-XL;BODY STYLE;XL;DIVERSAS;0,00;49,00;89,00;61012000;30;11;19;UN
790000003150;BERMUDA MASC-DIVERSAS-S;BODY STYLE;S;DIVERSAS;0,00;45,00;69,00;60063400;30;11;19;UN
790000003151;BERMUDA MASC-DIVERSAS-M;BODY STYLE;M;DIVERSAS;0,00;45,00;69,00;60063400;30;11;19;UN
790000003152;BERMUDA MASC-DIVERSAS-L;BODY STYLE;L;DIVERSAS;0,00;45,00;69,00;60063400;30;11;19;UN
790000003153;BERMUDA MASC-DIVERSAS-XL;BODY STYLE;XL;DIVERSAS;0,00;45,00;69,00;60063400;30;11;19;UN
790000003854;BERMUDA MASC-L;BODY STYLE;L;UNIC;0,00;45,00;69,00;60063400;30;11;19;UN
790000003855;BERMUDA MASC-M;BODY STYLE;M;UNIC;0,00;45,00;69,00;60063400;30;11;19;UN
790000003856;BERMUDA MASC-S;BODY STYLE;S;UNIC;0,00;45,00;69,00;60063400;30;11;19;UN
790000003857;BERMUDA MASC-XL;BODY STYLE;XL;UNIC;0,00;45,00;69,00;60063400;30;11;19;UN
790000003137;BLUSA FEM-CHUMBO-S;BODY STYLE;S;CHUMBO;0,00;49,00;89,00;61061000;30;11;19;UN
790000003138;BLUSA FEM-CHUMBO-M;BODY STYLE;M;CHUMBO;0,00;49,00;89,00;61061000;30;11;19;UN
790000003139;BLUSA FEM-CHUMBO-L;BODY STYLE;L;CHUMBO;0,00;49,00;89,00;61061000;30;11;19;UN
790000003146;MOLETOM MASC-DIVERSAS-S;BODY STYLE;S;DIVERSAS;0,00;89,00;139,00;61012000;30;11;19;UN
790000003147;MOLETOM MASC-DIVERSAS-M;BODY STYLE;M;DIVERSAS;0,00;89,00;139,00;61012000;30;11;19;UN
790000003148;MOLETOM MASC-DIVERSAS-L;BODY STYLE;L;DIVERSAS;0,00;89,00;139,00;61012000;30;11;19;UN
790000003149;MOLETOM MASC-DIVERSAS-XL;BODY STYLE;XL;DIVERSAS;0,00;89,00;139,00;61012000;30;11;19;UN
790000003140;REGATA FEM C/ CAPUZ-DIVERSAS-S;BODY STYLE;S;DIVERSAS;0,00;32,00;55,00;61061000;30;11;19;UN
790000003141;REGATA FEM C/ CAPUZ-DIVERSAS-M;BODY STYLE;M;DIVERSAS;0,00;32,00;55,00;61061000;30;11;19;UN
790000003142;REGATA FEM C/ CAPUZ-DIVERSAS-L;BODY STYLE;L;DIVERSAS;0,00;32,00;55,00;61061000;30;11;19;UN
790000003258;REGATA FEM-DIVERSAS-S;BODY STYLE;S;DIVERSAS;0,00;35,00;59,00;61061000;30;11;19;UN
790000003259;REGATA FEM-DIVERSAS-M;BODY STYLE;M;DIVERSAS;0,00;35,00;59,00;61061000;30;11;19;UN
790000003260;REGATA FEM-DIVERSAS-L;BODY STYLE;L;DIVERSAS;0,00;35,00;59,00;61061000;30;11;19;UN
790000003265;SHORT -DIVERSAS-S;BODY STYLE;S;DIVERSAS;0,00;35,00;69,00;61124100;30;11;19;UN
790000003266;SHORT -DIVERSAS-M;BODY STYLE;M;DIVERSAS;0,00;35,00;69,00;61124100;30;11;19;UN
790000003267;SHORT -DIVERSAS-L;BODY STYLE;L;DIVERSAS;0,00;35,00;69,00;61124100;30;11;19;UN
790000003943;SHORT CINZA MESCLA-CINZA-S;BODY STYLE;S;CINZA;0,00;39,00;79,00;61124100;30;11;19;UN
790000003944;SHORT CINZA MESCLA-CINZA-M;BODY STYLE;M;CINZA;0,00;39,00;79,00;61124100;30;11;19;UN
790000003945;SHORT CINZA MESCLA-CINZA-L;BODY STYLE;L;CINZA;0,00;39,00;79,00;61124100;30;11;19;UN
790000003271;SHORT-DIVERSAS-S;BODY STYLE;S;DIVERSAS;0,00;35,00;69,00;61124100;30;11;19;UN
790000003272;SHORT-DIVERSAS-M;BODY STYLE;M;DIVERSAS;0,00;35,00;69,00;61124100;30;11;19;UN
790000003273;SHORT-DIVERSAS-L;BODY STYLE;L;DIVERSAS;0,00;35,00;69,00;61124100;30;11;19;UN
790000003307;BLUSA FEM-DIVERSAS-S;BODY STYLE;S;DIVERSAS;0,00;32,00;59,00;61061000;30;11;19;UN
790000003308;BLUSA FEM-DIVERSAS-M;BODY STYLE;M;DIVERSAS;0,00;32,00;59,00;61061000;30;11;19;UN
790000003309;BLUSA FEM-DIVERSAS-L;BODY STYLE;L;DIVERSAS;0,00;32,00;59,00;61061000;30;11;19;UN
790000003310;BLUSA FEM-DIVERSAS-S;BODY STYLE;S;DIVERSAS;0,00;32,00;59,00;61061000;30;11;19;UN
790000003311;BLUSA FEM-DIVERSAS-M;BODY STYLE;M;DIVERSAS;0,00;32,00;59,00;61061000;30;11;19;UN
790000003312;BLUSA FEM-DIVERSAS-L;BODY STYLE;L;DIVERSAS;0,00;32,00;59,00;61061000;30;11;19;UN
790000003313;BLUSA FEM-DIVERSAS-S;BODY STYLE;S;DIVERSAS;0,00;32,00;59,00;61061000;30;11;19;UN
790000003314;BLUSA FEM-DIVERSAS-M;BODY STYLE;M;DIVERSAS;0,00;32,00;59,00;61061000;30;11;19;UN
790000003315;BLUSA FEM-DIVERSAS-L;BODY STYLE;L;DIVERSAS;0,00;32,00;59,00;61061000;30;11;19;UN
790000003324;BLUSA FEM-DIVERSAS-S;BODY STYLE;S;DIVERSAS;0,00;32,00;59,00;61091000;30;11;19;UN
790000003325;BLUSA FEM-DIVERSAS-M;BODY STYLE;M;DIVERSAS;0,00;32,00;59,00;61091000;30;11;19;UN
790000003326;BLUSA FEM-DIVERSAS-L;BODY STYLE;L;DIVERSAS;0,00;32,00;59,00;61091000;30;11;19;UN
790000003331;VESTIDO-DIVERSAS-S;BODY STYLE;S;DIVERSAS;0,00;39,00;69,00;61044200;30;11;19;UN
790000003332;VESTIDO-DIVERSAS-M;BODY STYLE;M;DIVERSAS;0,00;39,00;69,00;61044200;30;11;19;UN
790000003333;VESTIDO-DIVERSAS-L;BODY STYLE;L;DIVERSAS;0,00;39,00;69,00;61044200;30;11;19;UN
790000003350;CL 1764-36;BODY STYLE;36;UNIC;39,50;79,00;149,00;62034200;30;11;19;UN
790000003351;CL 1764-38;BODY STYLE;38;UNIC;39,50;79,00;149,00;62034200;30;11;19;UN
790000003352;CL 1764-40;BODY STYLE;40;UNIC;39,50;79,00;149,00;62034200;30;11;19;UN
790000003353;CL 1764-42;BODY STYLE;42;UNIC;39,50;79,00;149,00;62034200;30;11;19;UN
790000003354;CL 1764-44;BODY STYLE;44;UNIC;39,50;79,00;149,00;62034200;30;11;19;UN
790000003355;CL 1764-46;BODY STYLE;46;UNIC;39,50;79,00;149,00;62034200;30;11;19;UN
790000003411;CAMISA MASC -DIVERSAS-P;BODY STYLE;P;DIVERSAS;19,50;39,00;79,00;61091000;30;11;19;UN
790000003412;CAMISA MASC -DIVERSAS-M;BODY STYLE;M;DIVERSAS;19,50;39,00;79,00;61091000;30;11;19;UN
790000003413;CAMISA MASC -DIVERSAS-G;BODY STYLE;G;DIVERSAS;19,50;39,00;79,00;61091000;30;11;19;UN
790000003414;CAMISA MASC -DIVERSAS-GG;BODY STYLE;GG;DIVERSAS;19,50;39,00;79,00;61091000;30;11;19;UN
790000003433;CAMISA MASC-DIVERSAS-S;BODY STYLE;S;DIVERSAS;0,00;35,00;69,00;61091000;30;11;19;UN
790000003434;CAMISA MASC-DIVERSAS-M;BODY STYLE;M;DIVERSAS;0,00;35,00;69,00;61091000;30;11;19;UN
790000003435;CAMISA MASC-DIVERSAS-L;BODY STYLE;L;DIVERSAS;0,00;35,00;69,00;61091000;30;11;19;UN
790000003436;CAMISA MASC-DIVERSAS-XL;BODY STYLE;XL;DIVERSAS;0,00;35,00;69,00;61091000;30;11;19;UN
790000003465;CL 1765-36;BODY STYLE;36;UNIC;36,00;72,00;129,00;62034200;30;11;19;UN
790000003466;CL 1765-38;BODY STYLE;38;UNIC;36,00;72,00;129,00;62034200;30;11;19;UN
790000003467;CL 1765-40;BODY STYLE;40;UNIC;36,00;72,00;129,00;62034200;30;11;19;UN
790000003468;CL 1765-42;BODY STYLE;42;UNIC;36,00;72,00;129,00;62034200;30;11;19;UN
790000003469;CL 1765-44;BODY STYLE;44;UNIC;36,00;72,00;129,00;62034200;30;11;19;UN
790000003470;CL 1765-46;BODY STYLE;46;UNIC;36,00;72,00;129,00;62034200;30;11;19;UN
790000003494;CAMISA MASC-DIVERSAS-S;BODY STYLE;S;DIVERSAS;0,00;39,00;79,00;61012000;30;11;19;UN
790000003495;CAMISA MASC-DIVERSAS-M;BODY STYLE;M;DIVERSAS;0,00;39,00;79,00;61012000;30;11;19;UN
790000003496;CAMISA MASC-DIVERSAS-L;BODY STYLE;L;DIVERSAS;0,00;39,00;79,00;61012000;30;11;19;UN
790000003497;CAMISA MASC-DIVERSAS-XL;BODY STYLE;XL;DIVERSAS;0,00;39,00;79,00;61012000;30;11;19;UN
790000003490;CAMISA MASC-DIVERSAS-S;BODY STYLE;S;DIVERSAS;0,00;35,00;69,00;61091000;30;11;19;UN
790000003491;CAMISA MASC-DIVERSAS-M;BODY STYLE;M;DIVERSAS;0,00;35,00;69,00;61091000;30;11;19;UN
790000003492;CAMISA MASC-DIVERSAS-L;BODY STYLE;L;DIVERSAS;0,00;35,00;69,00;61091000;30;11;19;UN
790000003493;CAMISA MASC-DIVERSAS-XL;BODY STYLE;XL;DIVERSAS;0,00;35,00;69,00;61091000;30;11;19;UN
790000003579;CAL?A MASC - PRETA-PRETO-S;BODY STYLE;S;PRETO;0,00;69,00;119,00;61012000;30;11;19;UN
790000003580;CAL?A MASC - PRETA-PRETO-M;BODY STYLE;M;PRETO;0,00;69,00;119,00;61012000;30;11;19;UN
790000003581;CAL?A MASC - PRETA-PRETO-L;BODY STYLE;L;PRETO;0,00;69,00;119,00;61012000;30;11;19;UN
790000003582;CAL?A MASC - PRETA-PRETO-XL;BODY STYLE;XL;PRETO;0,00;69,00;119,00;61012000;30;11;19;UN
790000003551;VESTIDO-PRETO-S;BODY STYLE;S;PRETO;0,00;55,00;89,00;61044200;30;11;19;UN
790000003552;VESTIDO-PRETO-M;BODY STYLE;M;PRETO;0,00;55,00;89,00;61044200;30;11;19;UN
790000003553;VESTIDO-PRETO-L;BODY STYLE;L;PRETO;0,00;55,00;89,00;61044200;30;11;19;UN
790000003588;CAL?A MASC - CINZA-CINZA-S;BODY STYLE;S;CINZA;0,00;69,00;119,00;61022000;30;11;19;UN
790000003589;CAL?A MASC - CINZA-CINZA-M;BODY STYLE;M;CINZA;0,00;69,00;119,00;61022000;30;11;19;UN
790000003590;CAL?A MASC - CINZA-CINZA-L;BODY STYLE;L;CINZA;0,00;69,00;119,00;61022000;30;11;19;UN
790000003591;CAL?A MASC - CINZA-CINZA-XL;BODY STYLE;XL;CINZA;0,00;69,00;119,00;61022000;30;11;19;UN
790000003530;CAMISA MASC - BRANCA-BRANCO-S;BODY STYLE;S;BRANCO;0,00;35,00;69,00;61091000;30;11;19;UN
790000003531;CAMISA MASC - BRANCA-BRANCO-M;BODY STYLE;M;BRANCO;0,00;35,00;69,00;61091000;30;11;19;UN
790000003532;CAMISA MASC - BRANCA-BRANCO-L;BODY STYLE;L;BRANCO;0,00;35,00;69,00;61091000;30;11;19;UN
790000003533;CAMISA MASC - BRANCA-BRANCO-XL;BODY STYLE;XL;BRANCO;0,00;35,00;69,00;61091000;30;11;19;UN
790000003534;CAMISA MASC - MESCLA-MESCLA-S;BODY STYLE;S;MESCLA;0,00;35,00;69,00;61091000;30;11;19;UN
790000003535;CAMISA MASC - MESCLA-MESCLA-M;BODY STYLE;M;MESCLA;0,00;35,00;69,00;61091000;30;11;19;UN
790000003536;CAMISA MASC - MESCLA-MESCLA-L;BODY STYLE;L;MESCLA;0,00;35,00;69,00;61091000;30;11;19;UN
790000003537;CAMISA MASC - MESCLA-MESCLA-XL;BODY STYLE;XL;MESCLA;0,00;35,00;69,00;61091000;30;11;19;UN
790000003538;CAMISA MASC - CR?-CRU-S;BODY STYLE;S;CRU;0,00;35,00;69,00;61091000;30;11;19;UN
790000003539;CAMISA MASC - CR?-CRU-M;BODY STYLE;M;CRU;0,00;35,00;69,00;61091000;30;11;19;UN
790000003540;CAMISA MASC - CR?-CRU-L;BODY STYLE;L;CRU;0,00;35,00;69,00;61091000;30;11;19;UN
790000003541;CAMISA MASC - CR?-CRU-XL;BODY STYLE;XL;CRU;0,00;35,00;69,00;61091000;30;11;19;UN
790000003592;CAMISA MASC - PRETA-PRETO-S;BODY STYLE;S;PRETO;0,00;39,00;79,00;61091000;30;11;19;UN
790000003593;CAMISA MASC - PRETA-PRETO-M;BODY STYLE;M;PRETO;0,00;39,00;79,00;61091000;30;11;19;UN
790000003594;CAMISA MASC - PRETA-PRETO-L;BODY STYLE;L;PRETO;0,00;39,00;79,00;61091000;30;11;19;UN
790000003595;CAMISA MASC - PRETA-PRETO-XL;BODY STYLE;XL;PRETO;0,00;39,00;79,00;61091000;30;11;19;UN
790000003766;VESTIDO - AZUL/BRANCO-AZUL-S;BODY STYLE;S;AZUL;0,00;35,00;59,00;61044200;30;11;19;UN
790000003767;VESTIDO - AZUL/BRANCO-AZUL-M;BODY STYLE;M;AZUL;0,00;35,00;59,00;61044200;30;11;19;UN
790000003768;VESTIDO - AZUL/BRANCO-AZUL-L;BODY STYLE;L;AZUL;0,00;35,00;59,00;61044200;30;11;19;UN
790000003776;VESTIDO - CHUMBO/BRANCO-CHUMBO-S;BODY STYLE;S;CHUMBO;0,00;35,00;59,00;61044200;30;11;19;UN
790000003777;VESTIDO - CHUMBO/BRANCO-CHUMBO-M;BODY STYLE;M;CHUMBO;0,00;35,00;59,00;61044200;30;11;19;UN
790000003778;VESTIDO - CHUMBO/BRANCO-CHUMBO-L;BODY STYLE;L;CHUMBO;0,00;35,00;59,00;61044200;30;11;19;UN
790000003788;VESTIDO - VERMELHO/BRANCO-VERMELHO-BRANCO-S;BODY STYLE;S;VERMELHO-BRANCO;0,00;35,00;59,00;61044200;30;11;19;UN
790000003789;VESTIDO - VERMELHO/BRANCO-VERMELHO-BRANCO-M;BODY STYLE;M;VERMELHO-BRANCO;0,00;35,00;59,00;61044200;30;11;19;UN
790000003790;VESTIDO - VERMELHO/BRANCO-VERMELHO-BRANCO-L;BODY STYLE;L;VERMELHO-BRANCO;0,00;35,00;59,00;61044200;30;11;19;UN
790000003794;CAMISA MASC-DIVERSAS-S;BODY STYLE;S;DIVERSAS;0,00;39,00;69,00;61091000;30;11;19;UN
790000003795;CAMISA MASC-DIVERSAS-M;BODY STYLE;M;DIVERSAS;0,00;39,00;69,00;61091000;30;11;19;UN
790000003796;CAMISA MASC-DIVERSAS-L;BODY STYLE;L;DIVERSAS;0,00;39,00;69,00;61091000;30;11;19;UN
790000003797;CAMISA MASC-DIVERSAS-XL;BODY STYLE;XL;DIVERSAS;0,00;39,00;69,00;61091000;30;11;19;UN
790000003798;CAMISA MASC - MESCLA -MESCLA-S;BODY STYLE;S;MESCLA;0,00;39,00;69,00;61091000;30;11;19;UN
790000003799;CAMISA MASC - MESCLA -MESCLA-M;BODY STYLE;M;MESCLA;0,00;39,00;69,00;61091000;30;11;19;UN
790000003800;CAMISA MASC - MESCLA -MESCLA-L;BODY STYLE;L;MESCLA;0,00;39,00;69,00;61091000;30;11;19;UN
790000003801;CAMISA MASC - MESCLA -MESCLA-XL;BODY STYLE;XL;MESCLA;0,00;39,00;69,00;61091000;30;11;19;UN
790000003863;BERMUDA HELANCA - AZUL-AZUL-S;BODY STYLE;S;AZUL;0,00;45,00;69,00;61091000;30;11;19;UN
790000003864;BERMUDA HELANCA - AZUL-AZUL-M;BODY STYLE;M;AZUL;0,00;45,00;69,00;61091000;30;11;19;UN
790000003865;BERMUDA HELANCA - AZUL-AZUL-L;BODY STYLE;L;AZUL;0,00;45,00;69,00;61091000;30;11;19;UN
790000003866;BERMUDA HELANCA - AZUL-AZUL-XL;BODY STYLE;XL;AZUL;0,00;45,00;69,00;61091000;30;11;19;UN
790000003867;BERMUDA HELANCA - VINHO-VINHO-S;BODY STYLE;S;VINHO;0,00;45,00;69,00;61091000;30;11;19;UN
790000003868;BERMUDA HELANCA - VINHO-VINHO-M;BODY STYLE;M;VINHO;0,00;45,00;69,00;61091000;30;11;19;UN
790000003869;BERMUDA HELANCA - VINHO-VINHO-L;BODY STYLE;L;VINHO;0,00;45,00;69,00;61091000;30;11;19;UN
790000003870;BERMUDA HELANCA - VINHO-VINHO-XL;BODY STYLE;XL;VINHO;0,00;45,00;69,00;61091000;30;11;19;UN
790000003858;BERMUDA HELANCA - PRETA-PRETO-S;BODY STYLE;S;PRETO;0,00;45,00;69,00;61091000;30;11;19;UN
790000003859;BERMUDA HELANCA - PRETA-PRETO-M;BODY STYLE;M;PRETO;0,00;45,00;69,00;61091000;30;11;19;UN
790000003860;9;BODY STYLE;L;PRETO;0,00;45,00;69,00;61091000;30;11;19;UN
790000003861;BERMUDA HELANCA - PRETA-PRETO-XL;BODY STYLE;XL;PRETO;0,00;45,00;69,00;61091000;30;11;19;UN
790000003887;CAMISA DE BOT?O-CRU-P;BODY STYLE;P;CRU;0,00;49,00;89,00;61091000;30;11;19;UN
790000003888;CAMISA DE BOT?O-CRU-M;BODY STYLE;M;CRU;0,00;49,00;89,00;61091000;30;11;19;UN
790000003889;CAMISA DE BOT?O-CRU-G;BODY STYLE;G;CRU;0,00;49,00;89,00;61091000;30;11;19;UN
790000003890;CAMISA DE BOT?O-CRU-GG;BODY STYLE;GG;CRU;0,00;49,00;89,00;61091000;30;11;19;UN
790000003891;CAMISAA DE BOT?O AZUL-AZUL-P;BODY STYLE;P;AZUL;0,00;49,00;89,00;61091000;30;11;19;UN
790000003892;CAMISAA DE BOT?O AZUL-AZUL-M;BODY STYLE;M;AZUL;0,00;49,00;89,00;61091000;30;11;19;UN
790000003893;CAMISAA DE BOT?O AZUL-AZUL-G;BODY STYLE;G;AZUL;0,00;49,00;89,00;61091000;30;11;19;UN
790000003894;CAMISAA DE BOT?O AZUL-AZUL-GG;BODY STYLE;GG;AZUL;0,00;49,00;89,00;61091000;30;11;19;UN
790000003933;BERMUDA BODYSTYLE-36;BODY STYLE;36;UNIC;29,50;59,00;99,00;62034200;30;11;19;UN
790000003934;BERMUDA BODYSTYLE-38;BODY STYLE;38;UNIC;29,50;59,00;99,00;62034200;30;11;19;UN
790000003935;BERMUDA BODYSTYLE-40;BODY STYLE;40;UNIC;29,50;59,00;99,00;62034200;30;11;19;UN
790000003936;BERMUDA BODYSTYLE-42;BODY STYLE;42;UNIC;29,50;59,00;99,00;62034200;30;11;19;UN
790000003937;BERMUDA BODYSTYLE-44;BODY STYLE;44;UNIC;29,50;59,00;99,00;62034200;30;11;19;UN
790000003938;BERMUDA BODYSTYLE-46;BODY STYLE;46;UNIC;29,50;59,00;99,00;62034200;30;11;19;UN
790000003946;SHORT CHUMBO-CHUMBO-S;BODY STYLE;S;CHUMBO;0,00;39,00;75,00;61124100;30;11;19;UN
790000003947;SHORT CHUMBO-CHUMBO-M;BODY STYLE;M;CHUMBO;0,00;39,00;75,00;61124100;30;11;19;UN
790000003948;SHORT CHUMBO-CHUMBO-L;BODY STYLE;L;CHUMBO;0,00;39,00;75,00;61124100;30;11;19;UN
790000003949;REG. COM CAPUZ NOIZ ? ZICA VERMELHA-VERMELHO-;BODY STYLE;S;VERMELHO;0,00;37,00;59,00;61091000;30;11;19;UN
790000003950;REG. COM CAPUZ NOIZ ? ZICA VERMELHA-VERMELHO-;BODY STYLE;M;VERMELHO;0,00;37,00;59,00;61091000;30;11;19;UN
790000003951;REG. COM CAPUZ NOIZ ? ZICA VERMELHA-VERMELHO-;BODY STYLE;L;VERMELHO;0,00;37,00;59,00;61091000;30;11;19;UN
790000003952;REG. COM CAPUZ AZUL CLARO-AZUL CLARO-S;BODY STYLE;S;AZUL CLARO;0,00;37,00;59,00;61091000;30;11;19;UN
790000003953;REG. COM CAPUZ AZUL CLARO-AZUL CLARO-M;BODY STYLE;M;AZUL CLARO;0,00;37,00;59,00;61091000;30;11;19;UN
790000003954;REG. COM CAPUZ AZUL CLARO-AZUL CLARO-L;BODY STYLE;L;AZUL CLARO;0,00;37,00;59,00;61091000;30;11;19;UN
790000003955;REG. COM CAPUZ PRETO-PRETO-S;BODY STYLE;S;PRETO;0,00;37,00;59,00;61091000;30;11;19;UN
790000003956;REG. COM CAPUZ PRETO-PRETO-M;BODY STYLE;M;PRETO;0,00;37,00;59,00;61091000;30;11;19;UN
790000003957;REG. COM CAPUZ PRETO-PRETO-L;BODY STYLE;L;PRETO;0,00;37,00;59,00;61091000;30;11;19;UN
790000003958;REG. COM CAPUZ BRANCO-BRANCO-S;BODY STYLE;S;BRANCO;0,00;37,00;59,00;61091000;30;11;19;UN
790000003959;REG. COM CAPUZ BRANCO-BRANCO-M;BODY STYLE;M;BRANCO;0,00;37,00;59,00;61091000;30;11;19;UN
790000003960;REG. COM CAPUZ BRANCO-BRANCO-L;BODY STYLE;L;BRANCO;0,00;37,00;59,00;61091000;30;11;19;UN
790000003967;CAL?A LEGGING - CINZA-CINZA-S;BODY STYLE;S;CINZA;0,00;59,00;99,00;62046300;30;11;19;UN
790000003968;CAL?A LEGGING - CINZA-CINZA-M;BODY STYLE;M;CINZA;0,00;59,00;99,00;62046300;30;11;19;UN
790000003972;CAL?A LEGGING - PRETA-PRETO-S;BODY STYLE;S;PRETO;0,00;52,00;89,00;62046300;30;11;19;UN
790000003973;CAL?A LEGGING - PRETA-PRETO-M;BODY STYLE;M;PRETO;0,00;52,00;89,00;62046300;30;11;19;UN
790000003977;BODY PRETO-PRETO-S;BODY STYLE;S;PRETO;0,00;39,00;69,00;61061000;30;11;19;UN
790000003978;BODY PRETO-PRETO-M;BODY STYLE;M;PRETO;0,00;39,00;69,00;61061000;30;11;19;UN
790000003979;BODY PRETO-PRETO-L;BODY STYLE;L;PRETO;0,00;39,00;69,00;61061000;30;11;19;UN
790000003980;REGATA MASC - BRANCO/PT-BRANCO-S;BODY STYLE;S;BRANCO;0,00;25,00;49,00;61091000;30;11;19;UN
790000003981;REGATA MASC - BRANCO/PT-BRANCO-M;BODY STYLE;M;BRANCO;0,00;25,00;49,00;61091000;30;11;19;UN
790000003982;REGATA MASC - BRANCO/PT-BRANCO-L;BODY STYLE;L;BRANCO;0,00;25,00;49,00;61091000;30;11;19;UN
790000003983;REGATA MASC - BRANCO/PT-BRANCO-XL;BODY STYLE;XL;BRANCO;0,00;25,00;49,00;61091000;30;11;19;UN
790000003984;REGATA MASC - PRETO/BC-PRETO - BRANCO-S;BODY STYLE;S;PRETO - BRANCO;0,00;25,00;49,00;61091000;30;11;19;UN
790000003985;REGATA MASC - PRETO/BC-PRETO - BRANCO-M;BODY STYLE;M;PRETO - BRANCO;0,00;25,00;49,00;61091000;30;11;19;UN
790000003986;REGATA MASC - PRETO/BC-PRETO - BRANCO-L;BODY STYLE;L;PRETO - BRANCO;0,00;25,00;49,00;61091000;30;11;19;UN
790000003987;REGATA MASC - PRETO/BC-PRETO - BRANCO-XL;BODY STYLE;XL;PRETO - BRANCO;0,00;25,00;49,00;61091000;30;11;19;UN
790000004020;CAMISA MASC - BRANCA-BRANCO-S;BODY STYLE;S;BRANCO;0,00;39,00;79,00;61091000;30;11;19;UN
790000004021;CAMISA MASC - BRANCA-BRANCO-M;BODY STYLE;M;BRANCO;0,00;39,00;79,00;61091000;30;11;19;UN
790000004022;CAMISA MASC - BRANCA-BRANCO-L;BODY STYLE;L;BRANCO;0,00;39,00;79,00;61091000;30;11;19;UN
790000004023;CAMISA MASC - BRANCA-BRANCO-XL;BODY STYLE;XL;BRANCO;0,00;39,00;79,00;61091000;30;11;19;UN
790000004024;CAMISA MASC - CHUMBO/BC-CHUMBO-S;BODY STYLE;S;CHUMBO;0,00;39,00;79,00;61061000;30;11;19;UN
790000004025;CAMISA MASC - CHUMBO/BC-CHUMBO-M;BODY STYLE;M;CHUMBO;0,00;39,00;79,00;61061000;30;11;19;UN
790000004026;CAMISA MASC - CHUMBO/BC-CHUMBO-L;BODY STYLE;L;CHUMBO;0,00;39,00;79,00;61061000;30;11;19;UN
790000004027;CAMISA MASC - CHUMBO/BC-CHUMBO-XL;BODY STYLE;XL;CHUMBO;0,00;39,00;79,00;61061000;30;11;19;UN
790000004028;CAMISA MASC - AZUL/BC-AZUL-S;BODY STYLE;S;AZUL;0,00;39,00;79,00;61091000;30;11;19;UN
790000004029;CAMISA MASC - AZUL/BC-AZUL-M;BODY STYLE;M;AZUL;0,00;39,00;79,00;61091000;30;11;19;UN
790000004030;CAMISA MASC - AZUL/BC-AZUL-L;BODY STYLE;L;AZUL;0,00;39,00;79,00;61091000;30;11;19;UN
790000004031;CAMISA MASC - AZUL/BC-AZUL-XL;BODY STYLE;XL;AZUL;0,00;39,00;79,00;61091000;30;11;19;UN
790000004032;CAMISA MASC - VERDE-VERDE-S;BODY STYLE;S;VERDE;0,00;39,00;79,00;61091000;30;11;19;UN
790000004033;CAMISA MASC - VERDE-VERDE-M;BODY STYLE;M;VERDE;0,00;39,00;79,00;61091000;30;11;19;UN
790000004034;CAMISA MASC - VERDE-VERDE-L;BODY STYLE;L;VERDE;0,00;39,00;79,00;61091000;30;11;19;UN
790000004035;CAMISA MASC - VERDE-VERDE-XL;BODY STYLE;XL;VERDE;0,00;39,00;79,00;61091000;30;11;19;UN
790000004036;CAMISA MASC - CINZA-CINZA-S;BODY STYLE;S;CINZA;0,00;39,00;79,00;61091000;30;11;19;UN
790000004037;CAMISA MASC - CINZA-CINZA-M;BODY STYLE;M;CINZA;0,00;39,00;79,00;61091000;30;11;19;UN
790000004038;CAMISA MASC - CINZA-CINZA-L;BODY STYLE;L;CINZA;0,00;39,00;79,00;61091000;30;11;19;UN
790000004039;CAMISA MASC - CINZA-CINZA-XL;BODY STYLE;XL;CINZA;0,00;39,00;79,00;61091000;30;11;19;UN
790000004080;CAMISA MASC - VERDE-VERDE-S;BODY STYLE;S;VERDE;0,00;39,00;79,00;61091000;30;11;19;UN
790000004081;CAMISA MASC - VERDE-VERDE-M;BODY STYLE;M;VERDE;0,00;39,00;79,00;61091000;30;11;19;UN
790000004082;CAMISA MASC - VERDE-VERDE-L;BODY STYLE;L;VERDE;0,00;39,00;79,00;61091000;30;11;19;UN
790000004083;CAMISA MASC - VERDE-VERDE-XL;BODY STYLE;XL;VERDE;0,00;39,00;79,00;61091000;30;11;19;UN
790000004084;CAMISA MASC - BC-BRANCO-S;BODY STYLE;S;BRANCO;0,00;39,00;79,00;61091000;30;11;19;UN
790000004085;CAMISA MASC - BC-BRANCO-M;BODY STYLE;M;BRANCO;0,00;39,00;79,00;61091000;30;11;19;UN
790000004086;CAMISA MASC - BC-BRANCO-L;BODY STYLE;L;BRANCO;0,00;39,00;79,00;61091000;30;11;19;UN
790000004087;CAMISA MASC - BC-BRANCO-XL;BODY STYLE;XL;BRANCO;0,00;39,00;79,00;61091000;30;11;19;UN
790000004057;CAMISA MASC - CHUMBO-CHUMBO-;BODY STYLE;S;CHUMBO;0,00;39,00;79,00;61091000;30;11;19;UN
790000004058;CAMISA MASC - CHUMBO-CHUMBO-M;BODY STYLE;M;CHUMBO;0,00;39,00;79,00;61091000;30;11;19;UN
790000004059;CAMISA MASC - CHUMBO-CHUMBO-L;BODY STYLE;L;CHUMBO;0,00;39,00;79,00;61091000;30;11;19;UN
790000004060;CAMISA MASC - CHUMBO-CHUMBO-XL;BODY STYLE;XL;CHUMBO;0,00;39,00;79,00;61091000;30;11;19;UN
790000004061;CAMISA MASC - ROSA-ROSA-S;BODY STYLE;S;ROSA;0,00;39,00;79,00;61091000;30;11;19;UN
790000004062;CAMISA MASC - ROSA-ROSA-M;BODY STYLE;M;ROSA;0,00;39,00;79,00;61091000;30;11;19;UN
790000004063;CAMISA MASC - ROSA-ROSA-L;BODY STYLE;L;ROSA;0,00;39,00;79,00;61091000;30;11;19;UN
790000004064;CAMISA MASC - ROSA-ROSA-XL;BODY STYLE;XL;ROSA;0,00;39,00;79,00;61091000;30;11;19;UN
790000004065;CAMISA MASC - AZUL CLARO-AZUL CLARO-S;BODY STYLE;S;AZUL CLARO;0,00;39,00;79,00;61091000;30;11;19;UN
790000004066;CAMISA MASC - AZUL CLARO-AZUL CLARO-M;BODY STYLE;M;AZUL CLARO;0,00;39,00;79,00;61091000;30;11;19;UN
790000004067;CAMISA MASC - AZUL CLARO-AZUL CLARO-L;BODY STYLE;L;AZUL CLARO;0,00;39,00;79,00;61091000;30;11;19;UN
790000004068;CAMISA MASC - AZUL CLARO-AZUL CLARO-XL;BODY STYLE;XL;AZUL CLARO;0,00;39,00;79,00;61091000;30;11;19;UN
790000004088;CAMISA MASC - AZUL-AZUL-S;BODY STYLE;S;AZUL;0,00;39,00;79,00;61091000;30;11;19;UN
790000004089;CAMISA MASC - AZUL-AZUL-M;BODY STYLE;M;AZUL;0,00;39,00;79,00;61091000;30;11;19;UN
790000004090;CAMISA MASC - AZUL-AZUL-L;BODY STYLE;L;AZUL;0,00;39,00;79,00;61091000;30;11;19;UN
790000004091;CAMISA MASC - AZUL-AZUL-XL;BODY STYLE;XL;AZUL;0,00;39,00;79,00;61091000;30;11;19;UN
790000004092;CAMISA MASC - VERDE-VERDE-S;BODY STYLE;S;VERDE;0,00;39,00;79,00;61091000;30;11;19;UN
790000004093;CAMISA MASC - VERDE-VERDE-M;BODY STYLE;M;VERDE;0,00;39,00;79,00;61091000;30;11;19;UN
790000004094;CAMISA MASC - VERDE-VERDE-L;BODY STYLE;L;VERDE;0,00;39,00;79,00;61091000;30;11;19;UN
790000004095;CAMISA MASC - VERDE-VERDE-XL;BODY STYLE;XL;VERDE;0,00;39,00;79,00;61091000;30;11;19;UN
790000004096;POLO-PRETO-S;BODY STYLE;S;PRETO;0,00;0,00;35,00;61091000;30;11;19;UN
790000004097;POLO-PRETO-M;BODY STYLE;M;PRETO;0,00;0,00;35,00;61091000;30;11;19;UN
790000004098;POLO-PRETO-G;BODY STYLE;G;PRETO;0,00;0,00;35,00;61091000;30;11;19;UN
790000004099;POLO-PRETO-GG;BODY STYLE;GG;PRETO;0,00;0,00;35,00;61091000;30;11;19;UN
790000004072;CAMISA MASC - AZUL ESC-AZUL ESCURO-S;BODY STYLE;S;AZUL ESCURO;0,00;39,00;79,00;61091000;30;11;19;UN
790000004073;CAMISA MASC - AZUL ESC-AZUL ESCURO-M;BODY STYLE;M;AZUL ESCURO;0,00;39,00;79,00;61091000;30;11;19;UN
790000004074;CAMISA MASC - AZUL ESC-AZUL ESCURO-L;BODY STYLE;L;AZUL ESCURO;0,00;39,00;79,00;61091000;30;11;19;UN
790000004075;CAMISA MASC - AZUL ESC-AZUL ESCURO-XL;BODY STYLE;XL;AZUL ESCURO;0,00;39,00;79,00;61091000;30;11;19;UN
790000004076;CAMISA MASC - AZUL-AZUL-S;BODY STYLE;S;AZUL;0,00;39,00;79,00;61091000;30;11;19;UN
790000004077;CAMISA MASC - AZUL-AZUL-M;BODY STYLE;M;AZUL;0,00;39,00;79,00;61091000;30;11;19;UN
790000004078;CAMISA MASC - AZUL-AZUL-L;BODY STYLE;L;AZUL;0,00;39,00;79,00;61091000;30;11;19;UN
790000004079;CAMISA MASC - AZUL-AZUL-XL;BODY STYLE;XL;AZUL;0,00;39,00;79,00;61091000;30;11;19;UN
790000004154;CAMISA MASC - PRETA-DIVERSAS-S;BODY STYLE;S;DIVERSAS;0,00;39,00;79,00;61091000;30;11;19;UN
790000004155;CAMISA MASC - PRETA-DIVERSAS-M;BODY STYLE;M;DIVERSAS;0,00;39,00;79,00;61091000;30;11;19;UN
790000004156;CAMISA MASC - PRETA-DIVERSAS-L;BODY STYLE;L;DIVERSAS;0,00;39,00;79,00;61091000;30;11;19;UN
790000004157;CAMISA MASC - PRETA-DIVERSAS-XL;BODY STYLE;XL;DIVERSAS;0,00;39,00;79,00;61091000;30;11;19;UN
790000004202;CAMISA MASC - AZUL-AZUL-L;BODY STYLE;L;AZUL;0,00;39,00;79,00;61091000;30;11;19;UN
790000004203;CAMISA MASC - AZUL-AZUL-XL;BODY STYLE;XL;AZUL;0,00;39,00;79,00;61091000;30;11;19;UN
790000004204;CAMISA MASC - AZUL-AZUL-XXL;BODY STYLE;XXL;AZUL;0,00;39,00;79,00;61091000;30;11;19;UN
790000004205;REG MASC C/CAPUZ-CHUMBO;BODY STYLE;S;CHUMBO;0,00;39,00;69,00;61091000;30;11;19;UN
790000004206;REG MASC C/CAPUZ-CHUMBO;BODY STYLE;M;CHUMBO;0,00;39,00;69,00;61091000;30;11;19;UN
790000004207;REG MASC C/CAPUZ-CHUMBO;BODY STYLE;L;CHUMBO;0,00;39,00;69,00;61091000;30;11;19;UN
790000004208;REG MASC C/CAPUZ-CHUMBO;BODY STYLE;XL;CHUMBO;0,00;39,00;69,00;61091000;30;11;19;UN
790000004209;REG MASC C/CAPUZ-CHUMBO-CHUMBO-S;BODY STYLE;S;CHUMBO;0,00;39,00;69,00;61091000;30;11;19;UN
790000004210;REG MASC C/CAPUZ-CHUMBO-CHUMBO-M;BODY STYLE;M;CHUMBO;0,00;39,00;69,00;61091000;30;11;19;UN
790000004211;REG MASC C/CAPUZ-CHUMBO-CHUMBO-L;BODY STYLE;L;CHUMBO;0,00;39,00;69,00;61091000;30;11;19;UN
790000004212;REG MASC C/CAPUZ-CHUMBO-CHUMBO-XL;BODY STYLE;XL;CHUMBO;0,00;39,00;69,00;61091000;30;11;19;UN
790000004213;REG MASC C/CAPUZ-BRANCA-BRANCO-P;BODY STYLE;P;BRANCO;0,00;39,00;69,00;61091000;30;11;19;UN
790000004214;REG MASC C/CAPUZ-BRANCA-BRANCO-M;BODY STYLE;M;BRANCO;0,00;39,00;69,00;61091000;30;11;19;UN
790000004215;REG MASC C/CAPUZ-BRANCA-BRANCO-L;BODY STYLE;L;BRANCO;0,00;39,00;69,00;61091000;30;11;19;UN
790000004216;REG MASC C/CAPUZ-BRANCA-BRANCO-XL;BODY STYLE;XL;BRANCO;0,00;39,00;69,00;61091000;30;11;19;UN
790000004217;REG MASC C/CAPUZ-CR?-CRU-P;BODY STYLE;P;CRU;0,00;39,00;69,00;61091000;30;11;19;UN
790000004218;REG MASC C/CAPUZ-CR?-CRU-M;BODY STYLE;M;CRU;0,00;39,00;69,00;61091000;30;11;19;UN
790000004219;REG MASC C/CAPUZ-CR?-CRU-L;BODY STYLE;L;CRU;0,00;39,00;69,00;61091000;30;11;19;UN
790000004220;REG MASC C/CAPUZ-CR?-CRU-XL;BODY STYLE;XL;CRU;0,00;39,00;69,00;61091000;30;11;19;UN
790000004221;REG MASC C/CAPUZ- PRETA-PRETO-P;BODY STYLE;P;PRETO;0,00;39,00;69,00;61091000;30;11;19;UN
790000004222;REG MASC C/CAPUZ- PRETA-PRETO-M;BODY STYLE;M;PRETO;0,00;39,00;69,00;61091000;30;11;19;UN
790000004223;REG MASC C/CAPUZ- PRETA-PRETO-L;BODY STYLE;L;PRETO;0,00;39,00;69,00;61091000;30;11;19;UN
790000004224;REG MASC C/CAPUZ- PRETA-PRETO-XL;BODY STYLE;XL;PRETO;0,00;39,00;69,00;61091000;30;11;19;UN
790000004225;CAMISA MASC - CHUMBO-CHUMBO-L;BODY STYLE;L;CHUMBO;0,00;39,00;79,00;61091000;30;11;19;UN
790000004226;CAMISA MASC - CHUMBO-CHUMBO-XL;BODY STYLE;XL;CHUMBO;0,00;39,00;79,00;61091000;30;11;19;UN
790000004227;CAMISA MASC - CHUMBO-CHUMBO-XXL;BODY STYLE;XXL;CHUMBO;0,00;39,00;79,00;61091000;30;11;19;UN
790000004232;REG FEM LISTRAS-PRETO-S;BODY STYLE;S;PRETO;0,00;32,00;59,00;61061000;30;11;19;UN
790000004233;REG FEM LISTRAS-PRETO-M;BODY STYLE;M;PRETO;0,00;32,00;59,00;61061000;30;11;19;UN
790000004234;REG FEM LISTRAS-PRETO-L;BODY STYLE;L;PRETO;0,00;32,00;59,00;61061000;30;11;19;UN
790000004235;REG MASC LISTRAS-PRETO-S;BODY STYLE;S;PRETO;0,00;35,00;65,00;61091000;30;11;19;UN
790000004236;REG MASC LISTRAS-PRETO-M;BODY STYLE;M;PRETO;0,00;35,00;65,00;61091000;30;11;19;UN
790000004237;REG MASC LISTRAS-PRETO-L;BODY STYLE;L;PRETO;0,00;35,00;65,00;61091000;30;11;19;UN
790000004238;REG MASC LISTRAS-PRETO-XL;BODY STYLE;XL;PRETO;0,00;35,00;65,00;61091000;30;11;19;UN
790000004239;REGATA COM TELA BRANCA-BRANCO-S;BODY STYLE;S;BRANCO;0,00;25,00;49,00;61091000;30;11;19;UN
790000004240;REGATA COM TELA BRANCA-BRANCO-M;BODY STYLE;M;BRANCO;0,00;25,00;49,00;61091000;30;11;19;UN
790000004241;REGATA COM TELA BRANCA-BRANCO-L;BODY STYLE;L;BRANCO;0,00;25,00;49,00;61091000;30;11;19;UN
790000004242;REGATA COM TELA BRANCA-BRANCO-XL;BODY STYLE;XL;BRANCO;0,00;25,00;49,00;61091000;30;11;19;UN
790000004243;REGATA COM TELA MARINHO-MARINHO-S;BODY STYLE;S;MARINHO;0,00;25,00;49,00;61091000;30;11;19;UN
790000004244;REGATA COM TELA MARINHO-MARINHO-M;BODY STYLE;M;MARINHO;0,00;25,00;49,00;61091000;30;11;19;UN
790000004245;REGATA COM TELA MARINHO-MARINHO-L;BODY STYLE;L;MARINHO;0,00;25,00;49,00;61091000;30;11;19;UN
790000004246;REGATA COM TELA MARINHO-MARINHO-XL;BODY STYLE;XL;MARINHO;0,00;25,00;49,00;61091000;30;11;19;UN
790000004254;CAMISA MASC - AZUL-AZUL-S;BODY STYLE;S;AZUL;0,00;39,00;79,00;61091000;30;11;19;UN
790000004255;CAMISA MASC - AZUL-AZUL-M;BODY STYLE;M;AZUL;0,00;39,00;79,00;61091000;30;11;19;UN
790000004256;CAMISA MASC - AZUL-AZUL-L;BODY STYLE;L;AZUL;0,00;39,00;79,00;61091000;30;11;19;UN
790000004257;CAMISA MASC - AZUL-AZUL-XL;BODY STYLE;XL;AZUL;0,00;39,00;79,00;61091000;30;11;19;UN
790000004258;CAMISA MASC - CR?-CRU-S;BODY STYLE;S;CRU;0,00;39,00;79,00;61091000;30;11;19;UN
790000004259;CAMISA MASC - CR?-CRU-M;BODY STYLE;M;CRU;0,00;39,00;79,00;61091000;30;11;19;UN
790000004260;CAMISA MASC - CR?-CRU-L;BODY STYLE;L;CRU;0,00;39,00;79,00;61091000;30;11;19;UN
790000004261;CAMISA MASC - CR?-CRU-XL;BODY STYLE;XL;CRU;0,00;39,00;79,00;61091000;30;11;19;UN
790000004262;CAMISA MASC - PRETO-PRETO-S;BODY STYLE;S;PRETO;0,00;39,00;79,00;61091000;30;11;19;UN
790000004263;CAMISA MASC - PRETO-PRETO-M;BODY STYLE;M;PRETO;0,00;39,00;79,00;61091000;30;11;19;UN
790000004264;CAMISA MASC - PRETO-PRETO-L;BODY STYLE;L;PRETO;0,00;39,00;79,00;61091000;30;11;19;UN
790000004265;CAMISA MASC - PRETO-PRETO-XL;BODY STYLE;XL;PRETO;0,00;39,00;79,00;61091000;30;11;19;UN
790000004305;CAMISA MASC - PRETA-PRETO-S;BODY STYLE;S;PRETO;0,00;39,00;79,00;61091000;30;11;19;UN
790000004306;CAMISA MASC - PRETA-PRETO-M;BODY STYLE;M;PRETO;0,00;39,00;79,00;61091000;30;11;19;UN
790000004307;CAMISA MASC - PRETA-PRETO-L;BODY STYLE;L;PRETO;0,00;39,00;79,00;61091000;30;11;19;UN
790000004308;CAMISA MASC - BRANCA-BRANCO-S;BODY STYLE;S;BRANCO;0,00;39,00;79,00;61091000;30;11;19;UN
790000004309;CAMISA MASC - BRANCA-BRANCO-M;BODY STYLE;M;BRANCO;0,00;39,00;79,00;61091000;30;11;19;UN
790000004310;CAMISA MASC - BRANCA-BRANCO-L;BODY STYLE;L;BRANCO;0,00;39,00;79,00;61091000;30;11;19;UN
790000004296;CAMISA MASC-BRANCO-S;BODY STYLE;S;BRANCO;0,00;39,00;79,00;61091000;30;11;19;UN
790000004297;CAMISA MASC-BRANCO-M;BODY STYLE;M;BRANCO;0,00;39,00;79,00;61091000;30;11;19;UN
790000004298;CAMISA MASC-BRANCO-L;BODY STYLE;L;BRANCO;0,00;39,00;79,00;61091000;30;11;19;UN
790000004299;CAMISA MASC-BRANCO-XL;BODY STYLE;XL;BRANCO;0,00;39,00;79,00;61091000;30;11;19;UN
790000004311;CAMISA MASC - VERDE-VERDE-S;BODY STYLE;S;VERDE;0,00;39,00;79,00;61091000;30;11;19;UN
790000004312;CAMISA MASC - VERDE-VERDE-M;BODY STYLE;M;VERDE;0,00;39,00;79,00;61091000;30;11;19;UN
790000004313;CAMISA MASC - VERDE-VERDE-L;BODY STYLE;L;VERDE;0,00;39,00;79,00;61091000;30;11;19;UN
790000004314;CAMISA MASC - VERDE-VERDE-XL;BODY STYLE;XL;VERDE;0,00;39,00;79,00;61091000;30;11;19;UN
790000004319;CAMISA MASC - CHUMBO-CHUMBO-S;BODY STYLE;S;CHUMBO;0,00;39,00;79,00;61091000;30;11;19;UN
790000004320;CAMISA MASC - CHUMBO-CHUMBO-M;BODY STYLE;M;CHUMBO;0,00;39,00;79,00;61091000;30;11;19;UN
790000004321;CAMISA MASC - CHUMBO-CHUMBO-L;BODY STYLE;L;CHUMBO;0,00;39,00;79,00;61091000;30;11;19;UN
790000004322;CAMISA MASC - AZUL-AZUL-S;BODY STYLE;S;AZUL;0,00;39,00;79,00;61091000;30;11;19;UN
790000004323;CAMISA MASC - AZUL-AZUL-M;BODY STYLE;M;AZUL;0,00;39,00;79,00;61091000;30;11;19;UN
790000004324;CAMISA MASC - AZUL-AZUL-L;BODY STYLE;L;AZUL;0,00;39,00;79,00;61091000;30;11;19;UN
790000004325;CAMISA MASC - PRETA -PRETO-S;BODY STYLE;S;PRETO;0,00;39,00;79,00;61091000;30;11;19;UN
790000004326;CAMISA MASC - PRETA -PRETO-M;BODY STYLE;M;PRETO;0,00;39,00;79,00;61091000;30;11;19;UN
790000004327;CAMISA MASC - PRETA -PRETO-L;BODY STYLE;L;PRETO;0,00;39,00;79,00;61091000;30;11;19;UN
790000004368;CAMISA MASC - BEGE -BEGE-S;BODY STYLE;S;BEGE;0,00;39,00;79,00;61091000;30;11;19;UN
790000004369;CAMISA MASC - BEGE -BEGE-M;BODY STYLE;M;BEGE;0,00;39,00;79,00;61091000;30;11;19;UN
790000004370;CAMISA MASC - BEGE -BEGE-L;BODY STYLE;L;BEGE;0,00;39,00;79,00;61091000;30;11;19;UN
790000004371;CAMISA MASC - BEGE -BEGE-XL;BODY STYLE;XL;BEGE;0,00;39,00;79,00;61091000;30;11;19;UN
790000004372;CAL?A LEGGING -AZUL-S;BODY STYLE;S;AZUL;0,00;59,00;99,00;62046300;30;11;19;UN
790000004373;CAL?A LEGGING -AZUL-M;BODY STYLE;M;AZUL;0,00;59,00;99,00;62046300;30;11;19;UN
790000004374;CAL?A LEGGING -AZUL-L;BODY STYLE;L;AZUL;0,00;59,00;99,00;62046300;30;11;19;UN
790000004375;CAL?A LEGGING - MARINHO-MARINHO-S;BODY STYLE;S;MARINHO;0,00;59,00;99,00;62046300;30;11;19;UN
790000004376;CAL?A LEGGING - MARINHO-MARINHO-M;BODY STYLE;M;MARINHO;0,00;59,00;99,00;62046300;30;11;19;UN
790000004377;CAL?A LEGGING - MARINHO-MARINHO-L;BODY STYLE;L;MARINHO;0,00;59,00;99,00;62046300;30;11;19;UN
790000004378;CAL?A LEGGING - PINK-PINK-S;BODY STYLE;S;PINK;0,00;59,00;99,00;62046300;30;11;19;UN
790000004379;CAL?A LEGGING - PINK-PINK-M;BODY STYLE;M;PINK;0,00;59,00;99,00;62046300;30;11;19;UN
790000004380;CAL?A LEGGING - PINK-PINK-L;BODY STYLE;L;PINK;0,00;59,00;99,00;62046300;30;11;19;UN
790000004381;CAL?A LEGGING - MARSALA-S;BODY STYLE;S;MARSALA;0,00;59,00;99,00;62046300;30;11;19;UN
790000004382;CAL?A LEGGING - MARSALA-M;BODY STYLE;M;MARSALA;0,00;59,00;99,00;62046300;30;11;19;UN
790000004383;CAL?A LEGGING - MARSALA-L;BODY STYLE;L;MARSALA;0,00;59,00;99,00;62046300;30;11;19;UN
790000004385;SHORT - AZUL-AZUL-S;BODY STYLE;S;AZUL;0,00;45,00;79,00;61124100;30;11;19;UN
790000004386;SHORT - AZUL-AZUL-M;BODY STYLE;M;AZUL;0,00;45,00;79,00;61124100;30;11;19;UN
790000004387;SHORT - AZUL-AZUL-L;BODY STYLE;L;AZUL;0,00;45,00;79,00;61124100;30;11;19;UN
790000004388;SHORT - MARINHO-MARINHO-S;BODY STYLE;S;MARINHO;0,00;45,00;79,00;61124100;30;11;19;UN
790000004389;SHORT - MARINHO-MARINHO-M;BODY STYLE;M;MARINHO;0,00;45,00;79,00;61124100;30;11;19;UN
790000004390;SHORT - MARINHO-MARINHO-L;BODY STYLE;L;MARINHO;0,00;45,00;79,00;61124100;30;11;19;UN
790000004391;SHORT - PINK-PINK-S;BODY STYLE;S;PINK;0,00;45,00;79,00;61124100;30;11;19;UN
790000004392;SHORT - PINK-PINK-L;BODY STYLE;L;PINK;0,00;45,00;79,00;61124100;30;11;19;UN
790000004393;SHORT - PINK-PINK-M;BODY STYLE;M;PINK;0,00;45,00;79,00;61124100;30;11;19;UN
790000004394;SHORT - MARSALA - S;BODY STYLE;S;MARSALA;0,00;45,00;79,00;61124100;30;11;19;UN
790000004395;SHORT - MARSALA - M;BODY STYLE;M;MARSALA;0,00;45,00;79,00;61124100;30;11;19;UN
790000004396;SHORT - MARSALA - L;BODY STYLE;L;MARSALA;0,00;45,00;79,00;61124100;30;11;19;UN
790000004399;TOP C/ BOJO - AZUL-AZUL-M;BODY STYLE;M;AZUL;0,00;45,00;79,00;61062000;30;11;19;UN
790000004400;TOP C/ BOJO - AZUL-AZUL-L;BODY STYLE;L;AZUL;0,00;45,00;79,00;61062000;30;11;19;UN
790000004398;TOP C/ BOJO - AZUL-AZUL-S;BODY STYLE;S;AZUL;0,00;45,00;79,00;61062000;30;11;19;UN
790000004401;TOP C/ BOJO - MARINHO-MARINHO-S;BODY STYLE;S;MARINHO;0,00;45,00;79,00;61061000;30;11;19;UN
790000004402;TOP C/ BOJO - MARINHO-MARINHO-M;BODY STYLE;M;MARINHO;0,00;45,00;79,00;61061000;30;11;19;UN
790000004403;TOP C/ BOJO - MARINHO-MARINHO-L;BODY STYLE;L;MARINHO;0,00;45,00;79,00;61061000;30;11;19;UN
790000004404;TOP C/ BOJO - PINK-PINK-S;BODY STYLE;S;PINK;0,00;45,00;79,00;61061000;30;11;19;UN
790000004405;TOP C/ BOJO - PINK-PINK-M;BODY STYLE;M;PINK;0,00;45,00;79,00;61061000;30;11;19;UN
790000004406;TOP C/ BOJO - PINK-PINK-L;BODY STYLE;L;PINK;0,00;45,00;79,00;61061000;30;11;19;UN
790000004407;TOP C/ BOJO - MARSALA - S;BODY STYLE;S;MARSALA;0,00;45,00;79,00;61061000;30;11;19;UN
790000004408;TOP C/ BOJO - MARSALA - M;BODY STYLE;M;MARSALA;0,00;45,00;79,00;61061000;30;11;19;UN
790000004409;TOP C/ BOJO - MARSALA - L;BODY STYLE;L;MARSALA;0,00;45,00;79,00;61061000;30;11;19;UN
790000004532;REGATA MASC - PRETA-PRETO-S;BODY STYLE;S;PRETO;0,00;32,00;59,00;61091000;30;11;19;UN
790000004533;REGATA MASC - PRETA-PRETO-M;BODY STYLE;M;PRETO;0,00;32,00;59,00;61091000;30;11;19;UN
790000004534;REGATA MASC - PRETA-PRETO-L;BODY STYLE;L;PRETO;0,00;32,00;59,00;61091000;30;11;19;UN
790000004535;REGATA MASC - PRETA-PRETO-XL;BODY STYLE;XL;PRETO;0,00;32,00;59,00;61091000;30;11;19;UN
790000004536;REGATA MASC - BRANCA-BRANCO-S;BODY STYLE;S;BRANCO;0,00;32,00;59,00;61091000;30;11;19;UN
790000004537;REGATA MASC - BRANCA-BRANCO-M;BODY STYLE;M;BRANCO;0,00;32,00;59,00;61091000;30;11;19;UN
790000004538;REGATA MASC - BRANCA-BRANCO-L;BODY STYLE;L;BRANCO;0,00;32,00;59,00;61091000;30;11;19;UN
790000004539;REGATA MASC - BRANCA-BRANCO-XL;BODY STYLE;XL;BRANCO;0,00;32,00;59,00;61091000;30;11;19;UN
790000004540;REGATA MASC - CINZA-CINZA-S;BODY STYLE;S;CINZA;0,00;32,00;59,00;61091000;30;11;19;UN
790000004541;REGATA MASC - CINZA-CINZA-M;BODY STYLE;M;CINZA;0,00;32,00;59,00;61091000;30;11;19;UN
790000004542;REGATA MASC - CINZA-CINZA-L;BODY STYLE;L;CINZA;0,00;32,00;59,00;61091000;30;11;19;UN
790000004543;REGATA MASC - CINZA-CINZA-XL;BODY STYLE;XL;CINZA;0,00;32,00;59,00;61091000;30;11;19;UN
790000004548;REG MASC C/CAPUZ - CHUMBO-CHUMBO-S;BODY STYLE;S;CHUMBO;0,00;42,00;79,00;61091000;30;11;19;UN
790000004549;REG MASC C/CAPUZ - CHUMBO-CHUMBO-M;BODY STYLE;M;CHUMBO;0,00;42,00;79,00;61091000;30;11;19;UN
790000004550;REG MASC C/CAPUZ - CHUMBO-CHUMBO-L;BODY STYLE;L;CHUMBO;0,00;42,00;79,00;61091000;30;11;19;UN
790000004551;REG MASC C/CAPUZ - CHUMBO-CHUMBO-XL;BODY STYLE;XL;CHUMBO;0,00;42,00;79,00;61091000;30;11;19;UN
790000004552;REG MASC C/CAPUZ - CHUMBO-CHUMBO-XXL;BODY STYLE;XXL;CHUMBO;0,00;42,00;79,00;61091000;30;11;19;UN
790000004553;REG MASC C/CAPUZ- BRANCA-BRANCO-S;BODY STYLE;S;BRANCO;0,00;42,00;79,00;61091000;30;11;19;UN
790000004554;REG MASC C/CAPUZ- BRANCA-BRANCO-M;BODY STYLE;M;BRANCO;0,00;42,00;79,00;61091000;30;11;19;UN
790000004555;REG MASC C/CAPUZ- BRANCA-BRANCO-L;BODY STYLE;L;BRANCO;0,00;42,00;79,00;61091000;30;11;19;UN
790000004556;REG MASC C/CAPUZ- BRANCA-BRANCO-XL;BODY STYLE;XL;BRANCO;0,00;42,00;79,00;61091000;30;11;19;UN
790000004557;REG MASC C/CAPUZ- BRANCA-BRANCO-XXL;BODY STYLE;XXL;BRANCO;0,00;42,00;79,00;61091000;30;11;19;UN
790000004558;REG MASC C/CAPUZ-PRETA-PRETO-S;BODY STYLE;S;PRETO;0,00;42,00;79,00;61091000;30;11;19;UN
790000004559;REG MASC C/CAPUZ-PRETA-PRETO-M;BODY STYLE;M;PRETO;0,00;42,00;79,00;61091000;30;11;19;UN
790000004560;REG MASC C/CAPUZ-PRETA-PRETO-L;BODY STYLE;L;PRETO;0,00;42,00;79,00;61091000;30;11;19;UN
790000004561;REG MASC C/CAPUZ-PRETA-PRETO-XL;BODY STYLE;XL;PRETO;0,00;42,00;79,00;61091000;30;11;19;UN
790000004562;REG MASC C/CAPUZ-PRETA-PRETO-XXL;BODY STYLE;XXL;PRETO;0,00;42,00;79,00;61091000;30;11;19;UN
790000004563;REG FEM C/CAPUZ- CHUMBO-CHUMBO-S;BODY STYLE;S;CHUMBO;0,00;36,00;59,00;61061000;30;11;19;UN
790000004564;REG FEM C/CAPUZ- CHUMBO-CHUMBO-M;BODY STYLE;M;CHUMBO;0,00;36,00;59,00;61061000;30;11;19;UN
790000004565;REG FEM C/CAPUZ- CHUMBO-CHUMBO-L;BODY STYLE;L;CHUMBO;0,00;36,00;59,00;61061000;30;11;19;UN
790000004566;REG FEM C/CAPUZ - BRANCA-BRANCO-S;BODY STYLE;S;BRANCO;0,00;36,00;59,00;61061000;30;11;19;UN
790000004567;REG FEM C/CAPUZ - BRANCA-BRANCO-M;BODY STYLE;M;BRANCO;0,00;36,00;59,00;61061000;30;11;19;UN
790000004568;REG FEM C/CAPUZ - BRANCA-BRANCO-L;BODY STYLE;L;BRANCO;0,00;36,00;59,00;61061000;30;11;19;UN
790000004569;REG FEM C/CAPUZ-PRETO-PRETO-S;BODY STYLE;S;PRETO;0,00;36,00;59,00;61061000;30;11;19;UN
790000004570;REG FEM C/CAPUZ-PRETO-PRETO-M;BODY STYLE;M;PRETO;0,00;36,00;59,00;61061000;30;11;19;UN
790000004571;REG FEM C/CAPUZ-PRETO-PRETO-L;BODY STYLE;L;PRETO;0,00;36,00;59,00;61061000;30;11;19;UN
790000004572;CAMISETA FEM - PRETA-PRETO-S;BODY STYLE;S;PRETO;0,00;35,00;59,00;61061000;30;11;19;UN
790000004573;CAMISETA FEM - PRETA-PRETO-M;BODY STYLE;M;PRETO;0,00;35,00;59,00;61061000;30;11;19;UN
790000004574;CAMISETA FEM - PRETA-PRETO-L;BODY STYLE;L;PRETO;0,00;35,00;59,00;61061000;30;11;19;UN
790000005350;CAMISETA FEM - MESCLA-MESCLA-M;BODY STYLE;M;MESCLA;0,00;35,00;59,00;61061000;30;11;19;UN
790000004578;CAMISETA FEM - BRANCA-BRANCO-S;BODY STYLE;S;BRANCO;0,00;35,00;59,00;61061000;30;11;19;UN
790000004579;CAMISETA FEM - BRANCA-BRANCO-M;BODY STYLE;M;BRANCO;0,00;35,00;59,00;61061000;30;11;19;UN
790000004580;CAMISETA FEM - BRANCA-BRANCO-L;BODY STYLE;L;BRANCO;0,00;35,00;59,00;61061000;30;11;19;UN
790000004584;CAMISA MASC - PRETO-PRETO-S;BODY STYLE;S;PRETO;0,00;39,00;79,00;61091000;30;11;19;UN
790000004585;CAMISA MASC - PRETO-PRETO-M;BODY STYLE;M;PRETO;0,00;39,00;79,00;61091000;30;11;19;UN
790000004586;CAMISA MASC - PRETO-PRETO-L;BODY STYLE;L;PRETO;0,00;39,00;79,00;61091000;30;11;19;UN
790000004587;CAMISA MASC - PRETO-PRETO-XL;BODY STYLE;XL;PRETO;0,00;39,00;79,00;61091000;30;11;19;UN
790000004588;CAMISA MASC - PRETO-PRETO-XXL;BODY STYLE;XXL;PRETO;0,00;39,00;79,00;61091000;30;11;19;UN
790000005351;CAMISA MASC - MESCLA-MESCLA-M;BODY STYLE;M;MESCLA;0,00;39,00;79,00;61091000;30;11;19;UN
790000005352;CAMISA MASC - MESCLA-MESCLA-L;BODY STYLE;L;MESCLA;0,00;39,00;79,00;61091000;30;11;19;UN
790000004594;CAMISA MASC - BRANCA-BRANCO-S;BODY STYLE;S;BRANCO;0,00;39,00;79,00;61091000;30;11;19;UN
790000004595;CAMISA MASC - BRANCA-BRANCO-M;BODY STYLE;M;BRANCO;0,00;39,00;79,00;61091000;30;11;19;UN
790000004596;CAMISA MASC - BRANCA-BRANCO-L;BODY STYLE;L;BRANCO;0,00;39,00;79,00;61091000;30;11;19;UN
790000004597;CAMISA MASC - BRANCA-BRANCO-XL;BODY STYLE;XL;BRANCO;0,00;39,00;79,00;61091000;30;11;19;UN
790000004598;CAMISA MASC - BRANCA-BRANCO-XXL;BODY STYLE;XXL;BRANCO;0,00;39,00;79,00;61091000;30;11;19;UN
790000004625;REG MASC - VINHO-VINHO-S;BODY STYLE;S;VINHO;0,00;32,00;59,00;61091000;30;11;19;UN
790000004626;REG MASC - VINHO-VINHO-M;BODY STYLE;M;VINHO;0,00;32,00;59,00;61091000;30;11;19;UN
790000004627;REG MASC - VINHO-VINHO-L;BODY STYLE;L;VINHO;0,00;32,00;59,00;61091000;30;11;19;UN
790000004628;REG MASC - VINHO-VINHO-XL;BODY STYLE;XL;VINHO;0,00;32,00;59,00;61091000;30;11;19;UN
790000004629;REG MASC - MESCLA-MESCLA-S;BODY STYLE;S;MESCLA;0,00;32,00;59,00;61091000;30;11;19;UN
790000004630;REG MASC - MESCLA-MESCLA-M;BODY STYLE;M;MESCLA;0,00;32,00;59,00;61091000;30;11;19;UN
790000004631;REG MASC - MESCLA-MESCLA-L;BODY STYLE;L;MESCLA;0,00;32,00;59,00;61091000;30;11;19;UN
790000004632;REG MASC - MESCLA-MESCLA-XL;BODY STYLE;XL;MESCLA;0,00;32,00;59,00;61091000;30;11;19;UN
790000004633;REG MASC - PRETA-PRETO-S;BODY STYLE;S;PRETO;0,00;32,00;59,00;61091000;30;11;19;UN
790000004634;REG MASC - PRETA-PRETO-M;BODY STYLE;M;PRETO;0,00;32,00;59,00;61091000;30;11;19;UN
790000004635;REG MASC - PRETA-PRETO-L;BODY STYLE;L;PRETO;0,00;32,00;59,00;61091000;30;11;19;UN
790000004636;REG MASC - PRETA-PRETO-XL;BODY STYLE;XL;PRETO;0,00;32,00;59,00;61091000;30;11;19;UN
790000004637;REG MASC - BRANCA-BRANCO-S;BODY STYLE;S;BRANCO;0,00;32,00;59,00;61091000;30;11;19;UN
790000004638;REG MASC - BRANCA-BRANCO-L;BODY STYLE;L;BRANCO;0,00;32,00;59,00;61091000;30;11;19;UN
790000004639;REG MASC - BRANCA-BRANCO-M;BODY STYLE;M;BRANCO;0,00;32,00;59,00;61091000;30;11;19;UN
790000004640;REG MASC - BRANCA-BRANCO-XL;BODY STYLE;XL;BRANCO;0,00;32,00;59,00;61091000;30;11;19;UN
790000004641;REG MASC - CHUMBO-CHUMBO-S;BODY STYLE;S;CHUMBO;0,00;32,00;59,00;61091000;30;11;19;UN
790000004642;REG MASC - CHUMBO-CHUMBO-M;BODY STYLE;M;CHUMBO;0,00;32,00;59,00;61091000;30;11;19;UN
790000004643;REG MASC - CHUMBO-CHUMBO-L;BODY STYLE;L;CHUMBO;0,00;32,00;59,00;61091000;30;11;19;UN
790000004644;REG MASC - CHUMBO-CHUMBO-XL;BODY STYLE;XL;CHUMBO;0,00;32,00;59,00;61091000;30;11;19;UN
790000004645;CAL?A LEGGING - PRETA-PRETO-S;BODY STYLE;S;PRETO;0,00;70,00;120,00;62046300;30;11;19;UN
790000004646;CAL?A LEGGING - PRETA-PRETO-M;BODY STYLE;M;PRETO;0,00;70,00;120,00;62046300;30;11;19;UN
790000004647;CAL?A LEGGING - PRETA-PRETO-L;BODY STYLE;L;PRETO;0,00;70,00;120,00;62046300;30;11;19;UN
790000004648;CAL?A LEGGING - MARINHO-MARINHO-S;BODY STYLE;S;MARINHO;0,00;70,00;120,00;62046300;30;11;19;UN
790000004649;CAL?A LEGGING - MARINHO-MARINHO-M;BODY STYLE;M;MARINHO;0,00;70,00;120,00;62046300;30;11;19;UN
790000004650;CAL?A LEGGING - MARINHO-MARINHO-L;BODY STYLE;L;MARINHO;0,00;70,00;120,00;62046300;30;11;19;UN
790000004651;TOP C/ BOJO - PRETO-PRETO-S;BODY STYLE;S;PRETO;0,00;49,00;85,00;61062000;30;11;19;UN
790000004652;TOP C/ BOJO - PRETO-PRETO-M;BODY STYLE;M;PRETO;0,00;49,00;85,00;61062000;30;11;19;UN
790000004653;TOP C/ BOJO - PRETO-PRETO-L;BODY STYLE;L;PRETO;0,00;49,00;85,00;61062000;30;11;19;UN
790000004654;TOP C/ BOJO-MARINHO-S;BODY STYLE;S;MARINHO;0,00;49,00;85,00;61061000;30;11;19;UN
790000004655;TOP C/ BOJO-MARINHO-M;BODY STYLE;M;MARINHO;0,00;49,00;85,00;61061000;30;11;19;UN
790000004656;TOP C/ BOJO-MARINHO-L;BODY STYLE;L;MARINHO;0,00;49,00;85,00;61061000;30;11;19;UN
790000004657;TOP C/ BOJO - MARINHO -MARINHO-S;BODY STYLE;S;MARINHO;0,00;49,00;85,00;61061000;30;11;19;UN
790000004658;TOP C/ BOJO - MARINHO -MARINHO-M;BODY STYLE;M;MARINHO;0,00;49,00;85,00;61061000;30;11;19;UN
790000004659;TOP C/ BOJO - MARINHO -MARINHO-L;BODY STYLE;L;MARINHO;0,00;49,00;85,00;61061000;30;11;19;UN
790000004660;TOP - PRETO-PRETO-S;BODY STYLE;S;PRETO;0,00;45,00;79,00;61061000;30;11;19;UN
790000004661;TOP  - PRETO-PRETO-M;BODY STYLE;M;PRETO;0,00;45,00;79,00;61061000;30;11;19;UN
790000004662;TOP  - PRETO-PRETO-L;BODY STYLE;L;PRETO;0,00;45,00;79,00;61061000;30;11;19;UN
790000004663;CAMISA MASC - MESCLA-MESCLA-S;BODY STYLE;S;MESCLA;0,00;42,00;79,00;61091000;30;11;19;UN
790000004664;CAMISA MASC - MESCLA-MESCLA-M;BODY STYLE;M;MESCLA;0,00;42,00;79,00;61091000;30;11;19;UN
790000004665;CAMISA MASC - MESCLA-MESCLA-L;BODY STYLE;L;MESCLA;0,00;42,00;79,00;61091000;30;11;19;UN
790000004666;CAMISA MASC - VERMELHO-VERMELHO-S;BODY STYLE;S;VERMELHO;0,00;42,00;79,00;99999999;30;11;19;UN
790000004667;CAMISA MASC - VERMELHO-VERMELHO-M;BODY STYLE;M;VERMELHO;0,00;42,00;79,00;99999999;30;11;19;UN
790000004668;CAMISA MASC - VERMELHO-VERMELHO-L;BODY STYLE;L;VERMELHO;0,00;42,00;79,00;99999999;30;11;19;UN
790000004669;CAMISA MASC - BRANCA-BRANCO-S;BODY STYLE;S;BRANCO;0,00;39,00;79,00;61091000;30;11;19;UN
790000004670;CAMISA MASC - BRANCA-BRANCO-M;BODY STYLE;M;BRANCO;0,00;39,00;79,00;61091000;30;11;19;UN
790000004671;CAMISA MASC - BRANCA-BRANCO-L;BODY STYLE;L;BRANCO;0,00;39,00;79,00;61091000;30;11;19;UN
790000004672;CAMISA MASC - MESCLA-MESCLA-S;BODY STYLE;S;MESCLA;0,00;39,00;79,00;61091000;30;11;19;UN
790000004673;CAMISA MASC - MESCLA-MESCLA-M;BODY STYLE;M;MESCLA;0,00;39,00;79,00;61091000;30;11;19;UN
790000004674;CAMISA MASC - MESCLA-MESCLA-L;BODY STYLE;L;MESCLA;0,00;39,00;79,00;61091000;30;11;19;UN
790000004675;CAMISA MASC - MESCLA-MESCLA-S;BODY STYLE;S;MESCLA;0,00;39,00;79,00;61091000;30;11;19;UN
790000004676;CAMISA MASC - MESCLA-MESCLA-M;BODY STYLE;M;MESCLA;0,00;39,00;79,00;61091000;30;11;19;UN
790000004677;CAMISA MASC - MESCLA-MESCLA-L;BODY STYLE;L;MESCLA;0,00;39,00;79,00;61091000;30;11;19;UN
790000004678;BERM HELANCA - CAMUFLADA-CAMUFLADO-S;BODY STYLE;S;CAMUFLADO;0,00;45,00;69,00;61071900;30;11;19;UN
790000004679;BERM HELANCA - CAMUFLADA-CAMUFLADO-M;BODY STYLE;M;CAMUFLADO;0,00;45,00;69,00;61071900;30;11;19;UN
790000004680;BERM HELANCA - CAMUFLADA-CAMUFLADO-L;BODY STYLE;L;CAMUFLADO;0,00;45,00;69,00;61071900;30;11;19;UN
790000004681;BERM HELANCA - CAMUFLADA-CAMUFLADO-XL;BODY STYLE;XL;CAMUFLADO;0,00;45,00;69,00;61071900;30;11;19;UN
790000004683;SHORT FEM - CAMUFLADO-DIVERSAS-S;BODY STYLE;S;DIVERSAS;0,00;39,00;59,00;61124100;30;11;19;UN
790000004684;SHORT FEM - CAMUFLADO-DIVERSAS-M;BODY STYLE;M;DIVERSAS;0,00;39,00;59,00;61124100;30;11;19;UN
790000004685;SHORT FEM - CAMUFLADO-DIVERSAS-L;BODY STYLE;L;DIVERSAS;0,00;39,00;59,00;61124100;30;11;19;UN
790000004686;SHORT FEM - VINNHO-VINHO-S;BODY STYLE;S;VINHO;0,00;39,00;59,00;61124100;30;11;19;UN
790000004687;SHORT FEM - VINNHO-VINHO-M;BODY STYLE;M;VINHO;0,00;39,00;59,00;61124100;30;11;19;UN
790000004688;SHORT FEM - VINNHO-VINHO-L;BODY STYLE;L;VINHO;0,00;39,00;59,00;61124100;30;11;19;UN
790000004882;REGATA MASC TREINO - PRETA-PRETO-P;BODY STYLE;P;PRETO;0,00;0,00;24,00;61091000;30;11;19;UN
790000004883;REGATA MASC TREINO - PRETA-PRETO-M;BODY STYLE;M;PRETO;0,00;0,00;24,00;61091000;30;11;19;UN
790000004884;REGATA MASC TREINO - PRETA-PRETO-G;BODY STYLE;G;PRETO;0,00;0,00;24,00;61091000;30;11;19;UN
790000004885;REGATA MASC TREINO - PRETA-PRETO-GG;BODY STYLE;GG;PRETO;0,00;0,00;24,00;61091000;30;11;19;UN
790000004886;REGATA MASC TREINO - BRANCA-BRANCO-P;BODY STYLE;P;BRANCO;0,00;0,00;24,00;61091000;30;11;19;UN
790000004887;REGATA MASC TREINO - BRANCA-BRANCO-M;BODY STYLE;M;BRANCO;0,00;0,00;24,00;61091000;30;11;19;UN
790000004888;REGATA MASC TREINO - BRANCA-BRANCO-G;BODY STYLE;G;BRANCO;0,00;0,00;24,00;61091000;30;11;19;UN
790000004889;REGATA MASC TREINO - BRANCA-BRANCO-GG;BODY STYLE;GG;BRANCO;0,00;0,00;24,00;61091000;30;11;19;UN
790000004704;CAMISA MASC - CINZA-CINZA-L;BODY STYLE;L;CINZA;0,00;39,00;79,00;61091000;30;11;19;UN
790000004705;CAMISA MASC - CINZA-CINZA-XL;BODY STYLE;XL;CINZA;0,00;39,00;79,00;61091000;30;11;19;UN
790000004706;CAMISA MASC - CINZA-CINZA-XXL;BODY STYLE;XXL;CINZA;0,00;39,00;79,00;61091000;30;11;19;UN
790000004707;CAMISA MASC - CINZA-CINZA-L;BODY STYLE;L;CINZA;0,00;39,00;79,00;61091000;30;11;19;UN
790000004708;CAMISA MASC - CINZA-CINZA-XL;BODY STYLE;XL;CINZA;0,00;39,00;79,00;61091000;30;11;19;UN
790000004709;CAMISA MASC - CINZA-CINZA-XXL;BODY STYLE;XXL;CINZA;0,00;39,00;79,00;61091000;30;11;19;UN
790000004842;CAMISA MASC - CINZA-CINZA-P;BODY STYLE;P;CINZA;0,00;0,00;30,00;61091000;30;11;19;UN
790000004843;CAMISA MASC - CINZA-CINZA-M;BODY STYLE;M;CINZA;0,00;0,00;30,00;61091000;30;11;19;UN
790000004844;CAMISA MASC - CINZA-CINZA-G;BODY STYLE;G;CINZA;0,00;0,00;30,00;61091000;30;11;19;UN
790000004845;CAMISA MASC - CINZA-CINZA-GG;BODY STYLE;GG;CINZA;0,00;0,00;30,00;61091000;30;11;19;UN
790000004846;CAMISA MASC - VERMELHA-VERMELHO-P;BODY STYLE;P;VERMELHO;0,00;0,00;30,00;61091000;30;11;19;UN
790000004847;CAMISA MASC - VERMELHA-VERMELHO-M;BODY STYLE;M;VERMELHO;0,00;0,00;30,00;61091000;30;11;19;UN
790000004848;CAMISA MASC - VERMELHA-VERMELHO-G;BODY STYLE;G;VERMELHO;0,00;0,00;30,00;61091000;30;11;19;UN
790000004849;CAMISA MASC - VERMELHA-VERMELHO-GG;BODY STYLE;GG;VERMELHO;0,00;0,00;30,00;61091000;30;11;19;UN
790000004850;CAMISA MASC - BRANCA-BRANCO-P;BODY STYLE;P;BRANCO;0,00;0,00;30,00;61091000;30;11;19;UN
790000004851;CAMISA MASC - BRANCA-BRANCO-M;BODY STYLE;M;BRANCO;0,00;0,00;30,00;61091000;30;11;19;UN
790000004852;CAMISA MASC - BRANCA-BRANCO-G;BODY STYLE;G;BRANCO;0,00;0,00;30,00;61091000;30;11;19;UN
790000004853;CAMISA MASC - BRANCA-BRANCO-GG;BODY STYLE;GG;BRANCO;0,00;0,00;30,00;61091000;30;11;19;UN
790000004854;CAMISA MASC - PRETA-PRETO-P;BODY STYLE;P;PRETO;0,00;0,00;30,00;61091000;30;11;19;UN
790000004855;CAMISA MASC - PRETA-PRETO-M;BODY STYLE;M;PRETO;0,00;0,00;30,00;61091000;30;11;19;UN
790000004856;CAMISA MASC - PRETA-PRETO-G;BODY STYLE;G;PRETO;0,00;0,00;30,00;61091000;30;11;19;UN
790000004857;CAMISA MASC - PRETA-PRETO-GG;BODY STYLE;GG;PRETO;0,00;0,00;30,00;61091000;30;11;19;UN
790000004861;CAMISETA  FEM - CINZA-CINZA-P;BODY STYLE;P;CINZA;0,00;0,00;30,00;61061000;30;11;19;UN
790000004862;CAMISETA  FEM - CINZA-CINZA-M;BODY STYLE;M;CINZA;0,00;0,00;30,00;61061000;30;11;19;UN
790000004863;CAMISETA  FEM - CINZA-CINZA-G;BODY STYLE;G;CINZA;0,00;0,00;30,00;61061000;30;11;19;UN
790000004864;CAMISETA FEM - VERMELHA-VERMELHO-P;BODY STYLE;P;VERMELHO;0,00;0,00;30,00;61061000;30;11;19;UN
790000004865;CAMISETA FEM - VERMELHA-VERMELHO-M;BODY STYLE;M;VERMELHO;0,00;0,00;30,00;61061000;30;11;19;UN
790000004866;CAMISETA FEM - VERMELHA-VERMELHO-G;BODY STYLE;G;VERMELHO;0,00;0,00;30,00;61061000;30;11;19;UN
790000004867;CAMISETA FEM - BRANCA-BRANCO-P;BODY STYLE;P;BRANCO;0,00;0,00;30,00;61061000;30;11;19;UN
790000004868;CAMISETA FEM - BRANCA-BRANCO-M;BODY STYLE;M;BRANCO;0,00;0,00;30,00;61061000;30;11;19;UN
790000004869;CAMISETA FEM - BRANCA-BRANCO-G;BODY STYLE;G;BRANCO;0,00;0,00;30,00;61061000;30;11;19;UN
790000004873;CAMISETA FEM - PRETA-PRETO-P;BODY STYLE;P;PRETO;0,00;0,00;30,00;61061000;30;11;19;UN
790000004874;CAMISETA FEM - PRETA-PRETO-M;BODY STYLE;M;PRETO;0,00;0,00;30,00;61061000;30;11;19;UN
790000004875;CAMISETA FEM - PRETA-PRETO-G;BODY STYLE;G;PRETO;0,00;0,00;30,00;61061000;30;11;19;UN
790000004890;REGATA MASC TREINO - VERMELHA-VERMELHO-P;BODY STYLE;P;VERMELHO;0,00;0,00;24,00;61091000;30;11;19;UN
790000004891;REGATA MASC TREINO - VERMELHA-VERMELHO-M;BODY STYLE;M;VERMELHO;0,00;0,00;24,00;61091000;30;11;19;UN
790000004892;REGATA MASC TREINO - VERMELHA-VERMELHO-G;BODY STYLE;G;VERMELHO;0,00;0,00;24,00;61091000;30;11;19;UN
790000004893;REGATA MASC TREINO - VERMELHA-VERMELHO-GG;BODY STYLE;GG;VERMELHO;0,00;0,00;24,00;61091000;30;11;19;UN
790000004912;REG FEM C/CAPUZ-BRANCA-BRANCO-S;BODY STYLE;S;BRANCO;0,00;37,00;59,00;61061000;30;11;19;UN
790000004913;REG FEM C/CAPUZ-BRANCA-BRANCO-M;BODY STYLE;M;BRANCO;0,00;37,00;59,00;61061000;30;11;19;UN
790000004914;REG FEM C/CAPUZ-BRANCA-BRANCO-L;BODY STYLE;L;BRANCO;0,00;37,00;59,00;61061000;30;11;19;UN
790000004915;REG FEM C/CAPUZ - CINZA-CINZA-S;BODY STYLE;S;CINZA;0,00;37,00;59,00;61061000;30;11;19;UN
790000004916;REG FEM C/CAPUZ - CINZA-CINZA-M;BODY STYLE;M;CINZA;0,00;37,00;59,00;61061000;30;11;19;UN
790000004917;REG FEM C/CAPUZ - CINZA-CINZA-L;BODY STYLE;L;CINZA;0,00;37,00;59,00;61061000;30;11;19;UN
790000004918;REG FEM C/CAPUZ - VERMELHA-VERMELHO-S;BODY STYLE;S;VERMELHO;0,00;37,00;59,00;61061000;30;11;19;UN
790000004919;REG FEM C/CAPUZ - VERMELHA-VERMELHO-M;BODY STYLE;M;VERMELHO;0,00;37,00;59,00;61061000;30;11;19;UN
790000004920;REG FEM C/CAPUZ - VERMELHA-VERMELHO-L;BODY STYLE;L;VERMELHO;0,00;37,00;59,00;61061000;30;11;19;UN
790000004921;REG FEM C/CAPUZ - BRANCO-BRANCO-S;BODY STYLE;S;BRANCO;0,00;37,00;59,00;61061000;30;11;19;UN
790000004922;REG FEM C/CAPUZ - BRANCO-BRANCO-M;BODY STYLE;M;BRANCO;0,00;37,00;59,00;61061000;30;11;19;UN
790000004923;REG FEM C/CAPUZ - BRANCO-BRANCO-L;BODY STYLE;L;BRANCO;0,00;37,00;59,00;61061000;30;11;19;UN
790000004924;REG FEM C/CAPUZ - CINZA-CINZA-S;BODY STYLE;S;CINZA;0,00;37,00;59,00;99999999;30;11;19;UN
790000004925;REG FEM C/CAPUZ - CINZA-CINZA-M;BODY STYLE;M;CINZA;0,00;37,00;59,00;99999999;30;11;19;UN
790000004926;REG FEM C/CAPUZ - CINZA-CINZA-L;BODY STYLE;L;CINZA;0,00;37,00;59,00;99999999;30;11;19;UN
790000005009;REGATA MASC - CHUMBO-CHUMBO-M;BODY STYLE;M;CHUMBO;0,00;29,00;49,00;61091000;30;11;19;UN
790000005010;REGATA MASC - CHUMBO-CHUMBO-L;BODY STYLE;L;CHUMBO;0,00;29,00;49,00;61091000;30;11;19;UN
790000005011;REGATA MASC - CINZA-CINZA-M;BODY STYLE;M;CINZA;0,00;29,00;49,00;61091000;30;11;19;UN
790000005012;REGATA MASC - CINZA-CINZA-L;BODY STYLE;L;CINZA;0,00;29,00;49,00;61091000;30;11;19;UN
790000005013;REGATA MASC - BRANCO-BRANCO-M;BODY STYLE;M;BRANCO;0,00;29,00;49,00;61091000;30;11;19;UN
790000005014;REGATA MASC - BRANCO-BRANCO-L;BODY STYLE;L;BRANCO;0,00;29,00;49,00;61091000;30;11;19;UN
790000005015;REGATA MASC - AZUL -AZUL-M;BODY STYLE;M;AZUL;0,00;29,00;49,00;61091000;30;11;19;UN
790000005016;REGATA MASC - AZUL -AZUL-L;BODY STYLE;L;AZUL;0,00;29,00;49,00;61091000;30;11;19;UN
790000005017;REGATA MASC - CINZA RAJADO-CINZA RAJADO-M;BODY STYLE;M;CINZA RAJADO;0,00;29,00;49,00;61091000;30;11;19;UN
790000005018;REGATA MASC - CINZA RAJADO-CINZA RAJADO-L;BODY STYLE;L;CINZA RAJADO;0,00;29,00;49,00;61091000;30;11;19;UN
790000005021;REG MASC - CINZA CLARO-CINZA CLARO-M;BODY STYLE;M;CINZA CLARO;0,00;29,00;49,00;61091000;30;11;19;UN
790000005022;REG MASC - CINZA CLARO-CINZA CLARO-L;BODY STYLE;L;CINZA CLARO;0,00;29,00;49,00;61091000;30;11;19;UN
790000005027;REGATA FEM - BRANCO-BRANCO-S;BODY STYLE;S;BRANCO;0,00;24,00;34,00;61061000;30;11;19;UN
790000005028;REGATA FEM - BRANCO-BRANCO-M;BODY STYLE;M;BRANCO;0,00;24,00;34,00;61061000;30;11;19;UN
790000005029;REGATA FEM - BRANCO-BRANCO-L;BODY STYLE;L;BRANCO;0,00;24,00;34,00;61061000;30;11;19;UN
790000005030;REG FEM - LARANJA MESCLA-LARANJA MESCLA-S;BODY STYLE;S;LARANJA MESCLA;0,00;24,00;34,00;61061000;30;11;19;UN
790000005031;REG FEM - LARANJA MESCLA-LARANJA MESCLA-M;BODY STYLE;M;LARANJA MESCLA;0,00;24,00;34,00;61061000;30;11;19;UN
790000005032;REG FEM - LARANJA MESCLA-LARANJA MESCLA-L;BODY STYLE;L;LARANJA MESCLA;0,00;24,00;34,00;61061000;30;11;19;UN
790000005033;REGATA FEM - CHUMBO-CHUMBO-S;BODY STYLE;S;CHUMBO;0,00;24,00;34,00;61061000;30;11;19;UN
790000005034;REGATA FEM - CHUMBO-CHUMBO-M;BODY STYLE;M;CHUMBO;0,00;24,00;34,00;61061000;30;11;19;UN
790000005035;REGATA FEM - CHUMBO-CHUMBO-L;BODY STYLE;L;CHUMBO;0,00;24,00;34,00;61061000;30;11;19;UN
790000005066; LEGGING - JEANS AZUL-GRADE-;BODY STYLE;S;JEANS AZUL;0,00;75,00;150,00;62046300;30;11;19;UN
790000005067; LEGGING - JEANS AZUL-GRADE-M;BODY STYLE;M;JEANS AZUL;0,00;75,00;150,00;62046300;30;11;19;UN
790000005068; LEGGING - JEANS AZUL-GRADE-L;BODY STYLE;L;JEANS AZUL;0,00;75,00;150,00;62046300;30;11;19;UN
790000005084;CAMISETA BASICA BRANCA-BRANCO-S;BODY STYLE;S;BRANCO;0,00;39,00;79,00;61091000;30;11;19;UN
790000005085;CAMISETA BASICA BRANCA-BRANCO-M;BODY STYLE;M;BRANCO;0,00;39,00;79,00;61091000;30;11;19;UN
790000005086;CAMISETA BASICA BRANCA-BRANCO-L;BODY STYLE;L;BRANCO;0,00;39,00;79,00;61091000;30;11;19;UN
790000005087;CAMISETA BASICA BRANCA-BRANCO-XL;BODY STYLE;XL;BRANCO;0,00;39,00;79,00;61091000;30;11;19;UN
790000005088;REG FEM TELA - VERDE-VERDE-S;BODY STYLE;S;VERDE;0,00;29,00;49,00;61061000;30;11;19;UN
790000005089;REG FEM TELA - VERDE-VERDE-M;BODY STYLE;M;VERDE;0,00;29,00;49,00;61061000;30;11;19;UN
790000005090;REG FEM TELA - VERDE-VERDE-L;BODY STYLE;L;VERDE;0,00;29,00;49,00;61061000;30;11;19;UN
790000005091;REG FEM TELA - ROXO-ROXO-S;BODY STYLE;S;ROXO;0,00;29,00;49,00;61061000;30;11;19;UN
790000005092;REG FEM TELA - ROXO-ROXO-M;BODY STYLE;M;ROXO;0,00;29,00;49,00;61061000;30;11;19;UN
790000005093;REG FEM TELA - ROXO-ROXO-L;BODY STYLE;L;ROXO;0,00;29,00;49,00;61061000;30;11;19;UN
790000005094;REG FEM TELA - LARANJA-LARANJA-S;BODY STYLE;S;LARANJA;0,00;29,00;49,00;61061000;30;11;19;UN
790000005095;REG FEM TELA - LARANJA-LARANJA-M;BODY STYLE;M;LARANJA;0,00;29,00;49,00;61061000;30;11;19;UN
790000005096;REG FEM TELA - LARANJA-LARANJA-L;BODY STYLE;L;LARANJA;0,00;29,00;49,00;61061000;30;11;19;UN
790000005097;REG FEM TELA - CHUMBO-CHUMBO-S;BODY STYLE;S;CHUMBO;0,00;29,00;49,00;61061000;30;11;19;UN
790000005098;REG FEM TELA - CHUMBO-CHUMBO-M;BODY STYLE;M;CHUMBO;0,00;29,00;49,00;61061000;30;11;19;UN
790000005099;REG FEM TELA - CHUMBO-CHUMBO-L;BODY STYLE;L;CHUMBO;0,00;29,00;49,00;61061000;30;11;19;UN
790000005100;CAMISETA MASC - PRETA-PRETO-S;BODY STYLE;S;PRETO;0,00;39,00;79,00;61091000;30;11;19;UN
790000005101;CAMISETA MASC - PRETA-PRETO-M;BODY STYLE;M;PRETO;0,00;39,00;79,00;61091000;30;11;19;UN
790000005102;CAMISETA MASC - PRETA-PRETO-L;BODY STYLE;L;PRETO;0,00;39,00;79,00;61091000;30;11;19;UN
790000005103;CAMISETA MASC - PRETA-PRETO-XL;BODY STYLE;XL;PRETO;0,00;39,00;79,00;61091000;30;11;19;UN
790000005104;CAMISETA MASC - AZUL-AZUL-S;BODY STYLE;S;AZUL;0,00;39,00;79,00;61091000;30;11;19;UN
790000005105;CAMISETA MASC - AZUL-AZUL-M;BODY STYLE;M;AZUL;0,00;39,00;79,00;61091000;30;11;19;UN
790000005106;CAMISETA MASC - AZUL-AZUL-L;BODY STYLE;L;AZUL;0,00;39,00;79,00;61091000;30;11;19;UN
790000005107;CAMISETA MASC - AZUL-AZUL-XL;BODY STYLE;XL;AZUL;0,00;39,00;79,00;61091000;30;11;19;UN
790000005108;REG MASC - VERMELHA-VERMELHO-S;BODY STYLE;S;VERMELHO;0,00;29,00;49,00;61091000;30;11;19;UN
790000005109;REG MASC - VERMELHA-VERMELHO-M;BODY STYLE;M;VERMELHO;0,00;29,00;49,00;61091000;30;11;19;UN
790000005110;REG MASC - VERMELHA-VERMELHO-L;BODY STYLE;L;VERMELHO;0,00;29,00;49,00;61091000;30;11;19;UN
790000005111;REG MASC - VERMELHA-VERMELHO-XL;BODY STYLE;XL;VERMELHO;0,00;29,00;49,00;61091000;30;11;19;UN
790000005112;REG MASC - AZUL-AZUL-S;BODY STYLE;S;AZUL;0,00;29,00;49,00;61091000;30;11;19;UN
790000005113;REG MASC - AZUL-AZUL-M;BODY STYLE;M;AZUL;0,00;29,00;49,00;61091000;30;11;19;UN
790000005114;REG MASC - AZUL-AZUL-L;BODY STYLE;L;AZUL;0,00;29,00;49,00;61091000;30;11;19;UN
790000005115;REG MASC - AZUL-AZUL-XL;BODY STYLE;XL;AZUL;0,00;29,00;49,00;61091000;30;11;19;UN
790000005116;REG MASC - MARINHO-MARINHO-S;BODY STYLE;S;MARINHO;0,00;29,00;49,00;61091000;30;11;19;UN
790000005117;REG MASC - MARINHO-MARINHO-M;BODY STYLE;M;MARINHO;0,00;29,00;49,00;61091000;30;11;19;UN
790000005118;REG MASC - MARINHO-MARINHO-L;BODY STYLE;L;MARINHO;0,00;29,00;49,00;61091000;30;11;19;UN
790000005119;REG MASC - MARINHO-MARINHO-XL;BODY STYLE;XL;MARINHO;0,00;29,00;49,00;61091000;30;11;19;UN
790000005120;REG MASC - CR?-CRU-S;BODY STYLE;S;CRU;0,00;29,00;49,00;61091000;30;11;19;UN
790000005121;REG MASC - CR?-CRU-M;BODY STYLE;M;CRU;0,00;29,00;49,00;61091000;30;11;19;UN
790000005122;REG MASC - CR?-CRU-L;BODY STYLE;L;CRU;0,00;29,00;49,00;61091000;30;11;19;UN
790000005123;REG MASC - CR?-CRU-XL;BODY STYLE;XL;CRU;0,00;29,00;49,00;61091000;30;11;19;UN
790000005192;REG TELA MASC - MARINHO-MARINHO-S;BODY STYLE;S;MARINHO;0,00;49,00;79,00;61091000;30;11;19;UN
790000005193;REG TELA MASC - MARINHO-MARINHO-M;BODY STYLE;M;MARINHO;0,00;49,00;79,00;61091000;30;11;19;UN
790000005194;REG TELA MASC - MARINHO-MARINHO-L;BODY STYLE;L;MARINHO;0,00;49,00;79,00;61091000;30;11;19;UN
790000005195;REG TELA MASC - MARINHO-MARINHO-XL;BODY STYLE;XL;MARINHO;0,00;49,00;79,00;61091000;30;11;19;UN
790000005196;REG TELA MASC - VINHO-VINHO-S;BODY STYLE;S;VINHO;0,00;49,00;79,00;61091000;30;11;19;UN
790000005197;REG TELA MASC - VINHO-VINHO-M;BODY STYLE;M;VINHO;0,00;49,00;79,00;61091000;30;11;19;UN
790000005198;REG TELA MASC - VINHO-VINHO-L;BODY STYLE;L;VINHO;0,00;49,00;79,00;61091000;30;11;19;UN
790000005199;REG TELA MASC - VINHO-VINHO-XL;BODY STYLE;XL;VINHO;0,00;49,00;79,00;61091000;30;11;19;UN
790000005128;REG FEM - CINZA-CINZA-S;BODY STYLE;S;CINZA;0,00;23,00;39,00;61061000;30;11;19;UN
790000005129;REG FEM - CINZA-CINZA-M;BODY STYLE;M;CINZA;0,00;23,00;39,00;61061000;30;11;19;UN
790000005130;REG FEM - CINZA-CINZA-L;BODY STYLE;L;CINZA;0,00;23,00;39,00;61061000;30;11;19;UN
790000005131;REG FEM - VINHO-VINHO-S;BODY STYLE;S;VINHO;0,00;23,00;39,00;61091000;30;11;19;UN
790000005132;REG FEM - VINHO-VINHO-M;BODY STYLE;M;VINHO;0,00;23,00;39,00;61091000;30;11;19;UN
790000005133;REG FEM - VINHO-VINHO-L;BODY STYLE;L;VINHO;0,00;23,00;39,00;61091000;30;11;19;UN
790000005134;REG FEM - VERDE -VERDE-S;BODY STYLE;S;VERDE;0,00;23,00;39,00;61061000;30;11;19;UN
790000005135;REG FEM - VERDE -VERDE-M;BODY STYLE;M;VERDE;0,00;23,00;39,00;61061000;30;11;19;UN
790000005136;REG FEM - VERDE -VERDE-L;BODY STYLE;L;VERDE;0,00;23,00;39,00;61061000;30;11;19;UN
790000005148;LEGGING - ROSA-ROSA-S;BODY STYLE;S;ROSA;0,00;49,00;89,00;62046300;30;11;19;UN
790000005149;LEGGING - ROSA-ROSA-M;BODY STYLE;M;ROSA;0,00;49,00;89,00;62046300;30;11;19;UN
790000005150;LEGGING - ROSA-ROSA-L;BODY STYLE;L;ROSA;0,00;49,00;89,00;62046300;30;11;19;UN
790000005151;LEGGING - MARINHO-MARINHO-S;BODY STYLE;S;MARINHO;0,00;49,00;89,00;62046300;30;11;19;UN
790000005152;LEGGING - MARINHO-MARINHO-M;BODY STYLE;M;MARINHO;0,00;49,00;89,00;62046300;30;11;19;UN
790000005153;LEGGING - MARINHO-MARINHO-L;BODY STYLE;L;MARINHO;0,00;49,00;89,00;62046300;30;11;19;UN
790000005154;LEGGING - CINZA-CINZA-S;BODY STYLE;S;CINZA;0,00;49,00;89,00;62046300;30;11;19;UN
790000005155;LEGGING - CINZA-CINZA-M;BODY STYLE;M;CINZA;0,00;49,00;89,00;62046300;30;11;19;UN
790000005156;LEGGING - CINZA-CINZA-L;BODY STYLE;L;CINZA;0,00;49,00;89,00;62046300;30;11;19;UN
790000005157;LEGGING - CHUMBO-CHUMBO-S;BODY STYLE;S;CHUMBO;0,00;49,00;89,00;62046300;30;11;19;UN
790000005158;LEGGING - CHUMBO-CHUMBO-M;BODY STYLE;M;CHUMBO;0,00;49,00;89,00;62046300;30;11;19;UN
790000005159;LEGGING - CHUMBO-CHUMBO-L;BODY STYLE;L;CHUMBO;0,00;49,00;89,00;62046300;30;11;19;UN
790000005160;CAMISETA MASC - BRANCA-BRANCO-S;BODY STYLE;S;BRANCO;0,00;39,00;79,00;61091000;30;11;19;UN
790000005161;CAMISETA MASC - BRANCA-BRANCO-M;BODY STYLE;M;BRANCO;0,00;39,00;79,00;61091000;30;11;19;UN
790000005162;CAMISETA MASC - BRANCA-BRANCO-L;BODY STYLE;L;BRANCO;0,00;39,00;79,00;61091000;30;11;19;UN
790000005163;CAMISETA MASC - BRANCA-BRANCO-XL;BODY STYLE;XL;BRANCO;0,00;39,00;79,00;61091000;30;11;19;UN
790000005227;CAMISETA MASC - BRANCA-BRANCO-S;BODY STYLE;S;BRANCO;0,00;39,00;79,00;61091000;30;11;19;UN
790000005228;CAMISETA MASC - BRANCA-BRANCO-M;BODY STYLE;M;BRANCO;0,00;39,00;79,00;61091000;30;11;19;UN
790000005229;CAMISETA MASC - BRANCA-BRANCO-L;BODY STYLE;L;BRANCO;0,00;39,00;79,00;61091000;30;11;19;UN
790000005230;CAMISETA MASC - BRANCA-BRANCO-XL;BODY STYLE;XL;BRANCO;0,00;39,00;79,00;61091000;30;11;19;UN
790000005234;CAMISETA FEM - VERDE-VERDE-S;BODY STYLE;S;VERDE;0,00;32,00;59,00;61061000;30;11;19;UN
790000005235;CAMISETA FEM - VERDE-VERDE-M;BODY STYLE;M;VERDE;0,00;32,00;59,00;61061000;30;11;19;UN
790000005236;CAMISETA FEM - VERDE-VERDE-L;BODY STYLE;L;VERDE;0,00;32,00;59,00;61061000;30;11;19;UN
790000005237;CAMISETA FEM - ROSA-ROSA BEBE-S;BODY STYLE;S;ROSA BEBE;0,00;32,00;59,00;61061000;30;11;19;UN
790000005238;CAMISETA FEM - ROSA-ROSA BEBE-M;BODY STYLE;M;ROSA BEBE;0,00;32,00;59,00;61061000;30;11;19;UN
790000005239;CAMISETA FEM - ROSA-ROSA BEBE-L;BODY STYLE;L;ROSA BEBE;0,00;32,00;59,00;61061000;30;11;19;UN
790000005243;CAMISETA FEM - AMARELA-AMARELO-S;BODY STYLE;S;AMARELO;0,00;32,00;59,00;61061000;30;11;19;UN
790000005244;CAMISETA FEM - AMARELA-AMARELO-M;BODY STYLE;M;AMARELO;0,00;32,00;59,00;61061000;30;11;19;UN
790000005245;CAMISETA FEM - AMARELA-AMARELO-L;BODY STYLE;L;AMARELO;0,00;32,00;59,00;61061000;30;11;19;UN
790000005252;CAMISETA FEM - BRANCA-BRANCO-S;BODY STYLE;S;BRANCO;0,00;32,00;59,00;61061000;30;11;19;UN
790000005253;CAMISETA FEM - BRANCA-BRANCO-M;BODY STYLE;M;BRANCO;0,00;32,00;59,00;61061000;30;11;19;UN
790000005254;CAMISETA FEM - BRANCA-BRANCO-L;BODY STYLE;L;BRANCO;0,00;32,00;59,00;61061000;30;11;19;UN
790000005255;CAMISETA FEM - PRETA-PRETO-S;BODY STYLE;S;PRETO;0,00;32,00;59,00;61061000;30;11;19;UN
790000005256;CAMISETA FEM - PRETA-PRETO-M;BODY STYLE;M;PRETO;0,00;32,00;59,00;61061000;30;11;19;UN
790000005257;CAMISETA FEM - PRETA-PRETO-L;BODY STYLE;L;PRETO;0,00;32,00;59,00;61061000;30;11;19;UN
790000005395;BERMUDA HELANCA -MARINHO;BODY STYLE;S;MARINHO;0,00;45,00;69,00;61071900;30;11;19;UN
790000005396;BERMUDA MASC, MARINHO-MARINHO-S;BODY STYLE;S;MARINHO;0,00;45,00;69,00;61071900;30;11;19;UN
790000005397;BERMUDA MASC, MARINHO-MARINHO-M;BODY STYLE;M;MARINHO;0,00;45,00;69,00;61071900;30;11;19;UN
790000005398;BERMUDA MASC, MARINHO-MARINHO-L;BODY STYLE;L;MARINHO;0,00;45,00;69,00;61071900;30;11;19;UN
790000005399;BERMUDA MASC, MARINHO-MARINHO-XL;BODY STYLE;XL;MARINHO;0,00;45,00;69,00;61071900;30;11;19;UN
790000005432; LEGGING - CINZA-CINZA-S;BODY STYLE;S;CINZA;0,00;60,00;100,00;62046300;30;11;19;UN
790000005433; LEGGING - CINZA-CINZA-M;BODY STYLE;M;CINZA;0,00;60,00;100,00;62046300;30;11;19;UN
790000005434; LEGGING - CINZA-CINZA-L;BODY STYLE;L;CINZA;0,00;60,00;100,00;62046300;30;11;19;UN
790000005435;LEGGING - MARINHO-MARINHO-S;BODY STYLE;S;MARINHO;0,00;60,00;100,00;62046300;30;11;19;UN
790000005436;LEGGING - MARINHO-MARINHO-M;BODY STYLE;M;MARINHO;0,00;60,00;100,00;62046300;30;11;19;UN
790000005437;LEGGING - MARINHO-MARINHO-L;BODY STYLE;L;MARINHO;0,00;60,00;100,00;62046300;30;11;19;UN
790000005445;CAMISETA MASC - MARINHO-MARINHO-S;BODY STYLE;S;MARINHO;0,00;39,00;79,00;61091000;30;11;19;UN
790000005446;CAMISETA MASC - MARINHO-MARINHO-M;BODY STYLE;M;MARINHO;0,00;39,00;79,00;61091000;30;11;19;UN
790000005447;CAMISETA MASC - MARINHO-MARINHO-L;BODY STYLE;L;MARINHO;0,00;39,00;79,00;61091000;30;11;19;UN
790000005448;CAMISETA MASC - MARINHO-MARINHO-XL;BODY STYLE;XL;MARINHO;0,00;39,00;79,00;61091000;30;11;19;UN
790000005449;CAMISETA MASC- BRANCA-BRANCO-S;BODY STYLE;S;BRANCO;0,00;39,00;79,00;61091000;30;11;19;UN
790000005450;CAMISETA MASC- BRANCA-BRANCO-M;BODY STYLE;M;BRANCO;0,00;39,00;79,00;61091000;30;11;19;UN
790000005451;CAMISETA MASC- BRANCA-BRANCO-L;BODY STYLE;L;BRANCO;0,00;39,00;79,00;61091000;30;11;19;UN
790000005452;CAMISETA MASC- BRANCA-BRANCO-XL;BODY STYLE;XL;BRANCO;0,00;39,00;79,00;61091000;30;11;19;UN
790000005453;CAMISETA MASC - AZUL-AZUL-S;BODY STYLE;S;AZUL;0,00;39,00;79,00;61091000;30;11;19;UN
790000005454;CAMISETA MASC - AZUL-AZUL-M;BODY STYLE;M;AZUL;0,00;39,00;79,00;61091000;30;11;19;UN
790000005455;CAMISETA MASC - AZUL-AZUL-L;BODY STYLE;L;AZUL;0,00;39,00;79,00;61091000;30;11;19;UN
790000005456;CAMISETA MASC - AZUL-AZUL-XL;BODY STYLE;XL;AZUL;0,00;39,00;79,00;61091000;30;11;19;UN
790000005457;REGATA MASC - CINZA-CINZA-M;BODY STYLE;M;CINZA;0,00;39,00;79,00;61091000;30;11;19;UN
790000005458;REGATA MASC - CINZA-CINZA-L;BODY STYLE;L;CINZA;0,00;39,00;79,00;61091000;30;11;19;UN
790000005459;REGATA MASC - CINZA-CINZA-XL;BODY STYLE;XL;CINZA;0,00;39,00;79,00;61091000;30;11;19;UN
790000005464;SHORT - VERDE-VERDE-S;BODY STYLE;S;VERDE;0,00;39,00;59,00;61061000;30;11;19;UN
790000005465;SHORT - VERDE-VERDE-M;BODY STYLE;M;VERDE;0,00;39,00;59,00;61061000;30;11;19;UN
790000005466;SHORT - VERDE-VERDE-L;BODY STYLE;L;VERDE;0,00;39,00;59,00;61061000;30;11;19;UN
790000005467;SHORT - AZUL-AZUL-S;BODY STYLE;S;AZUL;0,00;39,00;59,00;61124100;30;11;19;UN
790000005468;SHORT - AZUL-AZUL-M;BODY STYLE;M;AZUL;0,00;39,00;59,00;61124100;30;11;19;UN
790000005469;SHORT - AZUL-AZUL-L;BODY STYLE;L;AZUL;0,00;39,00;59,00;61124100;30;11;19;UN
790000005470;SHORT - MARSALA-MARSALA-S;BODY STYLE;S;MARSALA;0,00;39,00;59,00;61124100;30;11;19;UN
790000005471;SHORT - MARSALA-MARSALA-M;BODY STYLE;M;MARSALA;0,00;39,00;59,00;61124100;30;11;19;UN
790000005472;SHORT - MARSALA-MARSALA-L;BODY STYLE;L;MARSALA;0,00;39,00;59,00;61124100;30;11;19;UN
790000005473;LEGGING - PRETA-PRETO-S;BODY STYLE;S;PRETO;0,00;79,00;129,00;62046300;30;11;19;UN
790000005474;LEGGING - PRETA-PRETO-M;BODY STYLE;M;PRETO;0,00;79,00;129,00;62046300;30;11;19;UN
790000005475;LEGGING - PRETA-PRETO-L;BODY STYLE;L;PRETO;0,00;79,00;129,00;62046300;30;11;19;UN
790000005480;TOP C/ BOJO - VERDE-VERDE-S;BODY STYLE;S;VERDE;0,00;49,00;79,00;61061000;30;11;19;UN
790000005481;TOP C/ BOJO - VERDE-VERDE-M;BODY STYLE;M;VERDE;0,00;49,00;79,00;61061000;30;11;19;UN
790000005482;TOP C/ BOJO - VERDE-VERDE-L;BODY STYLE;L;VERDE;0,00;49,00;79,00;61061000;30;11;19;UN
790000005483;TOP C/ BOJO - AZUL-AZUL-S;BODY STYLE;S;AZUL;0,00;49,00;79,00;61061000;30;11;19;UN
790000005484;TOP C/ BOJO - AZUL-AZUL-M;BODY STYLE;M;AZUL;0,00;49,00;79,00;61061000;30;11;19;UN
790000005485;TOP C/ BOJO - AZUL-AZUL-L;BODY STYLE;L;AZUL;0,00;49,00;79,00;61061000;30;11;19;UN
790000005486;TOP C/BOJO - MARSALA-MARSALA-S;BODY STYLE;S;MARSALA;0,00;49,00;79,00;61061000;30;11;19;UN
790000005487;TOP C/BOJO - MARSALA-MARSALA-M;BODY STYLE;M;MARSALA;0,00;49,00;79,00;61061000;30;11;19;UN
790000005488;TOP C/BOJO - MARSALA-MARSALA-L;BODY STYLE;L;MARSALA;0,00;49,00;79,00;61061000;30;11;19;UN
790000005489;TOP - PRETO-PRETO-S;BODY STYLE;S;PRETO;0,00;45,00;75,00;61061000;30;11;19;UN
790000005490;TOP - PRETO-PRETO-M;BODY STYLE;M;PRETO;0,00;45,00;75,00;61061000;30;11;19;UN
790000005491;TOP - PRETO-PRETO-L;BODY STYLE;L;PRETO;0,00;45,00;75,00;61061000;30;11;19;UN
790000005497;LEGGING AZUL-AZUL-S;BODY STYLE;S;AZUL;0,00;79,00;129,00;62046300;30;11;19;UN
790000005498;LEGGING AZUL-AZUL-M;BODY STYLE;M;AZUL;0,00;79,00;129,00;62046300;30;11;19;UN
790000005499;LEGGING AZUL-AZUL-L;BODY STYLE;L;AZUL;0,00;79,00;129,00;62046300;30;11;19;UN
790000005535;CAMISETA MASC - MARINHO-MARINHO-S;BODY STYLE;S;MARINHO;0,00;39,00;79,00;61091000;30;11;19;UN
790000005536;CAMISETA MASC - MARINHO-MARINHO-M;BODY STYLE;M;MARINHO;0,00;39,00;79,00;61091000;30;11;19;UN
790000005537;CAMISETA MASC - MARINHO-MARINHO-L;BODY STYLE;L;MARINHO;0,00;39,00;79,00;61091000;30;11;19;UN
790000005538;CAMISETA MASC - MARINHO-MARINHO-XL;BODY STYLE;XL;MARINHO;0,00;39,00;79,00;61091000;30;11;19;UN
790000005539;CAMISETA MASC - BRANCA-BRANCO-S;BODY STYLE;S;BRANCO;0,00;39,00;79,00;61091000;30;11;19;UN
790000005540;CAMISETA MASC - BRANCA-BRANCO-M;BODY STYLE;M;BRANCO;0,00;39,00;79,00;61091000;30;11;19;UN
790000005541;CAMISETA MASC - BRANCA-BRANCO-L;BODY STYLE;L;BRANCO;0,00;39,00;79,00;61091000;30;11;19;UN
790000005542;CAMISETA MASC - BRANCA-BRANCO-XL;BODY STYLE;XL;BRANCO;0,00;39,00;79,00;61091000;30;11;19;UN
790000005543;CAMISETA MASC - AZUL-AZUL-S;BODY STYLE;S;AZUL;0,00;39,00;79,00;61091000;30;11;19;UN
790000005544;CAMISETA MASC - AZUL-AZUL-M;BODY STYLE;M;AZUL;0,00;39,00;79,00;61091000;30;11;19;UN
790000005545;CAMISETA MASC - AZUL-AZUL-L;BODY STYLE;L;AZUL;0,00;39,00;79,00;61091000;30;11;19;UN
790000005546;CAMISETA MASC - AZUL-AZUL-XL;BODY STYLE;XL;AZUL;0,00;39,00;79,00;61091000;30;11;19;UN
790000005593;SHORT PRETO-PRETO-S;BODY STYLE;S;PRETO;0,00;39,00;59,00;61124100;30;11;19;UN
790000005594;SHORT PRETO-PRETO-M;BODY STYLE;M;PRETO;0,00;39,00;59,00;61124100;30;11;19;UN
790000005595;SHORT PRETO-PRETO-L;BODY STYLE;L;PRETO;0,00;39,00;59,00;61124100;30;11;19;UN
790000005560;CAMISETA MASC - AZUL-AZUL-S;BODY STYLE;S;AZUL;0,00;39,00;79,00;61091000;30;11;19;UN
790000005561;CAMISETA MASC - AZUL-AZUL-M;BODY STYLE;M;AZUL;0,00;39,00;79,00;61091000;30;11;19;UN
790000005562;CAMISETA MASC - AZUL-AZUL-L;BODY STYLE;L;AZUL;0,00;39,00;79,00;61091000;30;11;19;UN
790000005563;CAMISETA MASC - AZUL-AZUL-XL;BODY STYLE;XL;AZUL;0,00;39,00;79,00;61091000;30;11;19;UN
790000005564;CAMISETA MASC - MESCLA-MESCLA-S;BODY STYLE;S;MESCLA;0,00;39,00;79,00;61091000;30;11;19;UN
790000005565;CAMISETA MASC - MESCLA-MESCLA-M;BODY STYLE;M;MESCLA;0,00;39,00;79,00;61091000;30;11;19;UN
790000005566;CAMISETA MASC - MESCLA-MESCLA-L;BODY STYLE;L;MESCLA;0,00;39,00;79,00;61091000;30;11;19;UN
790000005567;CAMISETA MASC - MESCLA-MESCLA-XL;BODY STYLE;XL;MESCLA;0,00;39,00;79,00;61091000;30;11;19;UN
790000005568;CAMISETA MASC - CINZA-CINZA-S;BODY STYLE;S;CINZA;0,00;39,00;79,00;61091000;30;11;19;UN
790000005569;CAMISETA MASC - CINZA-CINZA-M;BODY STYLE;M;CINZA;0,00;39,00;79,00;61091000;30;11;19;UN
790000005570;CAMISETA MASC - CINZA-CINZA-L;BODY STYLE;L;CINZA;0,00;39,00;79,00;61091000;30;11;19;UN
790000005571;CAMISETA MASC - CINZA-CINZA-XL;BODY STYLE;XL;CINZA;0,00;39,00;79,00;61091000;30;11;19;UN
790000005581;CAMISETA MASC - VERMELHA-VERMELHO-S;BODY STYLE;S;VERMELHO;0,00;39,00;79,00;61091000;30;11;19;UN
790000005582;CAMISETA MASC - VERMELHA-VERMELHO-M;BODY STYLE;M;VERMELHO;0,00;39,00;79,00;61091000;30;11;19;UN
790000005583;CAMISETA MASC - VERMELHA-VERMELHO-L;BODY STYLE;L;VERMELHO;0,00;39,00;79,00;61091000;30;11;19;UN
790000005584;CAMISETA MASC - VERMELHA-VERMELHO-XL;BODY STYLE;XL;VERMELHO;0,00;39,00;79,00;61091000;30;11;19;UN
790000005585;CAMISETA MASC - CHUMBO-CHUMBO-S;BODY STYLE;S;CHUMBO;0,00;39,00;79,00;61091000;30;11;19;UN
790000005586;CAMISETA MASC - CHUMBO-CHUMBO-M;BODY STYLE;M;CHUMBO;0,00;39,00;79,00;61091000;30;11;19;UN
790000005587;CAMISETA MASC - CHUMBO-CHUMBO-L;BODY STYLE;L;CHUMBO;0,00;39,00;79,00;61091000;30;11;19;UN
790000005588;CAMISETA MASC - CHUMBO-CHUMBO-XL;BODY STYLE;XL;CHUMBO;0,00;39,00;79,00;61091000;30;11;19;UN
790000005600;CAMISETA MASC. MARINHO-MARINHO-S;BODY STYLE;S;MARINHO;0,00;39,00;79,00;61091000;30;11;19;UN
790000005601;CAMISETA MASC. MARINHO-MARINHO-M;BODY STYLE;M;MARINHO;0,00;39,00;79,00;61091000;30;11;19;UN
790000005602;CAMISETA MASC. MARINHO-MARINHO-L;BODY STYLE;L;MARINHO;0,00;39,00;79,00;61091000;30;11;19;UN
790000005603;CAMISETA MASC. MARINHO-MARINHO-XL;BODY STYLE;XL;MARINHO;0,00;39,00;79,00;61091000;30;11;19;UN
790000005604;SHORT LARANJA-LARANJA-S;BODY STYLE;S;LARANJA;0,00;39,00;59,00;61124100;30;11;19;UN
790000005605;SHORT LARANJA-LARANJA-M;BODY STYLE;M;LARANJA;0,00;39,00;59,00;61124100;30;11;19;UN
790000005606;SHORT LARANJA-LARANJA-L;BODY STYLE;L;LARANJA;0,00;39,00;59,00;61124100;30;11;19;UN
790000005607;SHORT AZUL-AZUL-S;BODY STYLE;S;AZUL;0,00;39,00;59,00;61124100;30;11;19;UN
790000005608;SHORT AZUL-AZUL-M;BODY STYLE;M;AZUL;0,00;39,00;59,00;61124100;30;11;19;UN
790000005609;SHORT AZUL-AZUL-L;BODY STYLE;L;AZUL;0,00;39,00;59,00;61124100;30;11;19;UN
790000005610;SHORT VERDE-VERDE-S;BODY STYLE;S;VERDE;0,00;39,00;59,00;61124100;30;11;19;UN
790000005611;SHORT VERDE-VERDE-M;BODY STYLE;M;VERDE;0,00;39,00;59,00;61124100;30;11;19;UN
790000005612;SHORT VERDE-VERDE-G;BODY STYLE;G;VERDE;0,00;39,00;59,00;61124100;30;11;19;UN
790000005747;CAL?A FEM- CINZA-CINZA-S;BODY STYLE;S;CINZA;0,00;45,00;79,00;62046300;30;11;19;UN
790000005748;CAL?A FEM- CINZA-CINZA-M;BODY STYLE;M;CINZA;0,00;45,00;79,00;62046300;30;11;19;UN
790000005749;CAL?A FEM- CINZA-CINZA-L;BODY STYLE;L;CINZA;0,00;45,00;79,00;62046300;30;11;19;UN
790000005754;CAMISETA FEM - AZUL-AZUL-S;BODY STYLE;S;AZUL;0,00;39,00;75,00;61061000;30;11;19;UN
790000005755;CAMISETA FEM - AZUL-AZUL-M;BODY STYLE;M;AZUL;0,00;39,00;75,00;61061000;30;11;19;UN
790000005756;CAMISETA FEM - AZUL-AZUL-L;BODY STYLE;L;AZUL;0,00;39,00;75,00;61061000;30;11;19;UN
790000005757;CAMISETA FEM - VERMELHA-VERMELHO-S;BODY STYLE;S;VERMELHO;0,00;39,00;75,00;61061000;30;11;19;UN
790000005758;CAMISETA FEM - VERMELHA-VERMELHO-M;BODY STYLE;M;VERMELHO;0,00;39,00;75,00;61061000;30;11;19;UN
790000005759;CAMISETA FEM - VERMELHA-VERMELHO-L;BODY STYLE;L;VERMELHO;0,00;39,00;75,00;61061000;30;11;19;UN
790000005760;REGATA MASC - CHUMBO-CHUMBO-S;BODY STYLE;S;CHUMBO;0,00;39,00;69,00;61091000;30;11;19;UN
790000005761;REGATA MASC - CHUMBO-CHUMBO-M;BODY STYLE;M;CHUMBO;0,00;39,00;69,00;61091000;30;11;19;UN
790000005762;REGATA MASC - CHUMBO-CHUMBO-L;BODY STYLE;L;CHUMBO;0,00;39,00;69,00;61091000;30;11;19;UN
790000005763;REGATA MASC - CHUMBO-CHUMBO-XL;BODY STYLE;XL;CHUMBO;0,00;39,00;69,00;61091000;30;11;19;UN
790000005768;VESTIDO - CINZA-CINZA-S;BODY STYLE;S;CINZA;0,00;69,00;139,00;61044200;30;11;19;UN
790000005769;VESTIDO - CINZA-CINZA-M;BODY STYLE;M;CINZA;0,00;69,00;139,00;61044200;30;11;19;UN
790000005770;CAMISETA FEM-CHUMBO-CHUMBO-S;BODY STYLE;S;CHUMBO;0,00;39,00;79,00;61061000;30;11;19;UN
790000005771;CAMISETA FEM-CHUMBO-CHUMBO-M;BODY STYLE;M;CHUMBO;0,00;39,00;79,00;61061000;30;11;19;UN
790000005772;CAMISETA FEM-CHUMBO-CHUMBO-L;BODY STYLE;L;CHUMBO;0,00;39,00;79,00;61061000;30;11;19;UN
790000005773;CAMISETA FEM-LARANJA-LARANJA-S;BODY STYLE;S;LARANJA;0,00;39,00;79,00;61061000;30;11;19;UN
790000005774;CAMISETA FEM-LARANJA-LARANJA-M;BODY STYLE;M;LARANJA;0,00;39,00;79,00;61061000;30;11;19;UN
790000005775;CAMISETA FEM-LARANJA-LARANJA-L;BODY STYLE;L;LARANJA;0,00;39,00;79,00;61061000;30;11;19;UN
790000005776;CAMISETA FEM- AZUL-AZUL-S;BODY STYLE;S;AZUL;0,00;39,00;79,00;61061000;30;11;19;UN
790000005777;CAMISETA FEM- AZUL-AZUL-M;BODY STYLE;M;AZUL;0,00;39,00;79,00;61061000;30;11;19;UN
790000005778;CAMISETA FEM- AZUL-AZUL-L;BODY STYLE;L;AZUL;0,00;39,00;79,00;61061000;30;11;19;UN
790000005779;SHORT - AZUL-AZUL-S;BODY STYLE;S;AZUL;0,00;39,00;75,00;61124100;30;11;19;UN
790000005780;SHORT - AZUL-AZUL-M;BODY STYLE;M;AZUL;0,00;39,00;75,00;61124100;30;11;19;UN
790000005781;SHORT - AZUL-AZUL-L;BODY STYLE;L;AZUL;0,00;39,00;75,00;61124100;30;11;19;UN
790000005782;SHORT - VERMELHO-VERMELHO-S;BODY STYLE;S;VERMELHO;0,00;39,00;75,00;61124100;30;11;19;UN
790000005783;SHORT - VERMELHO-VERMELHO-M;BODY STYLE;M;VERMELHO;0,00;39,00;75,00;61124100;30;11;19;UN
790000005784;SHORT - VERMELHO-VERMELHO-L;BODY STYLE;L;VERMELHO;0,00;39,00;75,00;61124100;30;11;19;UN
790000005814;TOP C/ TULE - PRETO -PRETO-S;BODY STYLE;S;PRETO;0,00;39,00;69,00;61061000;30;11;19;UN
790000005815;TOP C/ TULE - PRETO -PRETO-M;BODY STYLE;M;PRETO;0,00;39,00;69,00;61061000;30;11;19;UN
790000005816;TOP C/ TULE - PRETO -PRETO-L;BODY STYLE;L;PRETO;0,00;39,00;69,00;61061000;30;11;19;UN
790000005821;VESTIDO - CHUMBO-CHUMBO-S;BODY STYLE;S;CHUMBO;0,00;39,00;69,00;61044200;30;11;19;UN
790000005822;VESTIDO - CHUMBO-CHUMBO-M;BODY STYLE;M;CHUMBO;0,00;39,00;69,00;61044200;30;11;19;UN
790000005823;VESTIDO - CHUMBO P;BODY STYLE;L;CHUMBO;0,00;39,00;69,00;61044200;30;11;19;UN
790000005825;VESTIDO - MARINHO-MARINHO-S;BODY STYLE;S;MARINHO;0,00;39,00;69,00;61044200;30;11;19;UN
790000005826;VESTIDO - MARINHO-MARINHO-M;BODY STYLE;M;MARINHO;0,00;39,00;69,00;61044200;30;11;19;UN
790000005827;VESTIDO - MARINHO-MARINHO-L;BODY STYLE;L;MARINHO;0,00;39,00;69,00;61044200;30;11;19;UN
790000005828;VESTIDO - VINHO-VINHO-S;BODY STYLE;S;VINHO;0,00;39,00;69,00;61044200;30;11;19;UN
790000005829;VESTIDO - VINHO-VINHO-M;BODY STYLE;M;VINHO;0,00;39,00;69,00;61044200;30;11;19;UN
790000005830;VESTIDO - VINHO-VINHO-L;BODY STYLE;L;VINHO;0,00;39,00;69,00;61044200;30;11;19;UN
790000005914;VESTIDO - VERDE-VERDE-S;BODY STYLE;S;VERDE;0,00;39,00;69,00;61044200;30;11;19;UN
790000005915;VESTIDO - VERDE-VERDE-M;BODY STYLE;M;VERDE;0,00;39,00;69,00;61044200;30;11;19;UN
790000005916;VESTIDO - VERDE-VERDE-L;BODY STYLE;L;VERDE;0,00;39,00;69,00;61044200;30;11;19;UN
790000005920;VESTIDO - PRETO-PRETO-S;BODY STYLE;S;PRETO;0,00;39,00;69,00;61044200;30;11;19;UN
790000005921;VESTIDO - PRETO-PRETO-M;BODY STYLE;M;PRETO;0,00;39,00;69,00;61044200;30;11;19;UN
790000005922;VESTIDO - PRETO-PRETO-L;BODY STYLE;L;PRETO;0,00;39,00;69,00;61044200;30;11;19;UN
790000005899;CAMISETA MASC - CINZA-CHUMBO-;BODY STYLE;S;CHUMBO;0,00;39,00;79,00;61091000;30;11;19;UN
790000005900;CAMISETA MASC - CINZA-CHUMBO-M;BODY STYLE;M;CHUMBO;0,00;39,00;79,00;61091000;30;11;19;UN
790000005901;CAMISETA MASC - CINZA-CHUMBO-L;BODY STYLE;L;CHUMBO;0,00;39,00;79,00;61091000;30;11;19;UN
790000005902;CAMISETA MASC - CINZA-CHUMBO-XL;BODY STYLE;XL;CHUMBO;0,00;39,00;79,00;61091000;30;11;19;UN
790000005923;VESTIDO - MARROM-MARROM-S;BODY STYLE;S;MARROM;0,00;39,00;69,00;61044200;30;11;19;UN
790000005924;VESTIDO - MARROM-MARROM-M;BODY STYLE;M;MARROM;0,00;39,00;69,00;61044200;30;11;19;UN
790000005925;VESTIDO - MARROM-MARROM-L;BODY STYLE;L;MARROM;0,00;39,00;69,00;61044200;30;11;19;UN
790000006066;CAMISA MASC VERMELHO-VERMELHO-S;BODY STYLE;S;VERMELHO;0,00;39,00;79,00;61091000;30;11;19;UN
790000006067;CAMISA MASC VERMELHO-VERMELHO-M;BODY STYLE;M;VERMELHO;0,00;39,00;79,00;61091000;30;11;19;UN
790000006068;CAMISA MASC VERMELHO-VERMELHO-L;BODY STYLE;L;VERMELHO;0,00;39,00;79,00;61091000;30;11;19;UN
790000006069;CAMISA MASC VERMELHO-VERMELHO-XL;BODY STYLE;XL;VERMELHO;0,00;39,00;79,00;61091000;30;11;19;UN
790000006070;CAMISA MASC AZUL-AZUL-S;BODY STYLE;S;AZUL;0,00;39,00;79,00;61091000;30;11;19;UN
790000006071;CAMISA MASC AZUL-AZUL-M;BODY STYLE;M;AZUL;0,00;39,00;79,00;61091000;30;11;19;UN
790000006072;CAMISA MASC AZUL-AZUL-L;BODY STYLE;L;AZUL;0,00;39,00;79,00;61091000;30;11;19;UN
790000006073;CAMISA MASC AZUL-AZUL-XL;BODY STYLE;XL;AZUL;0,00;39,00;79,00;61091000;30;11;19;UN
790000006074;CAMISA MASC AMARELO-AMARELO-S;BODY STYLE;S;AMARELO;0,00;39,00;79,00;61091000;30;11;19;UN
790000006075;CAMISA MASC AMARELO-AMARELO-M;BODY STYLE;M;AMARELO;0,00;39,00;79,00;61091000;30;11;19;UN
790000006076;CAMISA MASC AMARELO-AMARELO-L;BODY STYLE;L;AMARELO;0,00;39,00;79,00;61091000;30;11;19;UN
790000006077;CAMISA MASC AMARELO-AMARELO-XL;BODY STYLE;XL;AMARELO;0,00;39,00;79,00;61091000;30;11;19;UN
790000006128;REGATA MASC CHUMBO-CHUMBO-M;BODY STYLE;M;CHUMBO;0,00;39,00;79,00;61091000;30;11;19;UN
790000006129;REGATA MASC CHUMBO-CHUMBO-L;BODY STYLE;L;CHUMBO;0,00;39,00;79,00;61091000;30;11;19;UN
790000006130;REGATA MASC CHUMBO-CHUMBO-XL;BODY STYLE;XL;CHUMBO;0,00;39,00;79,00;61091000;30;11;19;UN
790000006102;CROPPED - PRETO-PRETO-S;BODY STYLE;S;PRETO;0,00;29,00;49,00;61061000;30;11;19;UN
790000006103;CROPPED - PRETO-PRETO-M;BODY STYLE;M;PRETO;0,00;29,00;49,00;61061000;30;11;19;UN
790000006104;CROPPED - PRETO-PRETO-L;BODY STYLE;L;PRETO;0,00;29,00;49,00;61061000;30;11;19;UN
790000006105;CROPPED - BRANCO-BRANCO-S;BODY STYLE;S;BRANCO;0,00;29,00;49,00;61061000;30;11;19;UN
790000006106;CROPPED - BRANCO-BRANCO-M;BODY STYLE;M;BRANCO;0,00;29,00;49,00;61061000;30;11;19;UN
790000006107;CROPPED - BRANCO-BRANCO-L;BODY STYLE;L;BRANCO;0,00;29,00;49,00;61061000;30;11;19;UN
790000006131;REGATA MASC - CHUMBO-CHUMBO-M;BODY STYLE;M;CHUMBO;0,00;39,00;79,00;61091000;30;11;19;UN
790000006132;REGATA MASC - CHUMBO-CHUMBO-L;BODY STYLE;L;CHUMBO;0,00;39,00;79,00;61091000;30;11;19;UN
790000006133;REGATA MASC - CHUMBO-CHUMBO-XL;BODY STYLE;XL;CHUMBO;0,00;39,00;79,00;61091000;30;11;19;UN
790000006363;CAMISETA MASC - AZUL-AZUL-S;BODY STYLE;S;AZUL;0,00;39,00;79,00;61061000;30;11;19;UN
790000006364;CAMISETA MASC - AZUL-AZUL-M;BODY STYLE;M;AZUL;0,00;39,00;79,00;61061000;30;11;19;UN
790000006365;CAMISETA MASC - AZUL-AZUL-L;BODY STYLE;L;AZUL;0,00;39,00;79,00;61061000;30;11;19;UN
790000006366;CAMISETA MASC - AZUL-AZUL-XL;BODY STYLE;XL;AZUL;0,00;39,00;79,00;61061000;30;11;19;UN
790000006182;REG FEM C/CAPUZ-GOIABA-GOIABA-S;BODY STYLE;S;GOIABA;0,00;37,00;59,00;61061000;30;11;19;UN
790000006183;REG FEM C/CAPUZ-GOIABA-GOIABA-M;BODY STYLE;M;GOIABA;0,00;37,00;59,00;61061000;30;11;19;UN
790000006184;REG FEM C/CAPUZ-GOIABA-GOIABA-L;BODY STYLE;L;GOIABA;0,00;37,00;59,00;61061000;30;11;19;UN
790000006185;REF FEM C/CAPUZ-GOIABA-GOIABA-S;BODY STYLE;S;GOIABA;0,00;37,00;55,00;61061000;30;11;19;UN
790000006186;REF FEM C/CAPUZ-GOIABA-GOIABA-M;BODY STYLE;M;GOIABA;0,00;37,00;55,00;61061000;30;11;19;UN
790000006187;REF FEM C/CAPUZ-GOIABA-GOIABA-L;BODY STYLE;L;GOIABA;0,00;37,00;55,00;61061000;30;11;19;UN
790000006188;REG FEM C/CAPUZ-CHUMBO-CHUMBO-S;BODY STYLE;S;CHUMBO;0,00;37,00;55,00;61061000;30;11;19;UN
790000006189;REG FEM C/CAPUZ-CHUMBO-CHUMBO-M;BODY STYLE;M;CHUMBO;0,00;37,00;55,00;61061000;30;11;19;UN
790000006190;REG FEM C/CAPUZ-CHUMBO-CHUMBO-L;BODY STYLE;L;CHUMBO;0,00;37,00;55,00;61061000;30;11;19;UN
790000006221;REGATA DE CAPUZ MARINHO-MARINHO-S;BODY STYLE;S;MARINHO;0,00;37,00;59,00;61091000;30;11;19;UN
790000006222;REGATA DE CAPUZ MARINHO-MARINHO-M;BODY STYLE;M;MARINHO;0,00;37,00;59,00;61091000;30;11;19;UN
790000006223;REGATA DE CAPUZ MARINHO-MARINHO-L;BODY STYLE;L;MARINHO;0,00;37,00;59,00;61091000;30;11;19;UN
790000006224;CAL?A LEGGING -PRETO-S;BODY STYLE;S;PRETO;0,00;69,00;129,00;62046300;30;11;19;UN
790000006225;CAL?A LEGGING -PRETO-M;BODY STYLE;M;PRETO;0,00;69,00;129,00;62046300;30;11;19;UN
790000006226;CAL?A LEGGING -PRETO-L;BODY STYLE;L;PRETO;0,00;69,00;129,00;62046300;30;11;19;UN
790000006245;CAMISETA MASC - BRANCA-BRANCO-S;BODY STYLE;S;BRANCO;0,00;39,00;79,00;61091000;30;11;19;UN
790000006246;CAMISETA MASC - BRANCA-BRANCO-M;BODY STYLE;M;BRANCO;0,00;39,00;79,00;61091000;30;11;19;UN
790000006247;CAMISETA MASC - BRANCA-BRANCO-L;BODY STYLE;L;BRANCO;0,00;39,00;79,00;61091000;30;11;19;UN
790000006248;CAMISETA MASC - BRANCA-BRANCO-XL;BODY STYLE;XL;BRANCO;0,00;39,00;79,00;61091000;30;11;19;UN
790000006262;REG C/CAPUZ MASC-VINHO-VINHO-S;BODY STYLE;S;VINHO;0,00;39,00;79,00;61091000;30;11;19;UN
790000006263;REG C/CAPUZ MASC-VINHO-VINHO-M;BODY STYLE;M;VINHO;0,00;39,00;79,00;61091000;30;11;19;UN
790000006264;REG C/CAPUZ MASC-VINHO-VINHO-L;BODY STYLE;L;VINHO;0,00;39,00;79,00;61091000;30;11;19;UN
790000006265;REG C/CAPUZ MASC-VINHO-VINHO-XL;BODY STYLE;XL;VINHO;0,00;39,00;79,00;61091000;30;11;19;UN
790000006274;CAMISETA MASC - BRANCA-BRANCO-S;BODY STYLE;S;BRANCO;0,00;39,00;79,00;61091000;30;11;19;UN
790000006275;CAMISETA MASC - BRANCA-BRANCO-M;BODY STYLE;M;BRANCO;0,00;39,00;79,00;61091000;30;11;19;UN
790000006276;CAMISETA MASC - BRANCA-BRANCO-L;BODY STYLE;L;BRANCO;0,00;39,00;79,00;61091000;30;11;19;UN
790000006277;CAMISETA MASC - BRANCA-BRANCO-XL;BODY STYLE;XL;BRANCO;0,00;39,00;79,00;61091000;30;11;19;UN
790000006278;CAMISETA MASC - PRETA-PRETO-S;BODY STYLE;S;PRETO;0,00;39,00;79,00;61091000;30;11;19;UN
790000006279;CAMISETA MASC - PRETA-PRETO-M;BODY STYLE;M;PRETO;0,00;39,00;79,00;61091000;30;11;19;UN
790000006280;CAMISETA MASC - PRETA-PRETO-L;BODY STYLE;L;PRETO;0,00;39,00;79,00;61091000;30;11;19;UN
790000006281;CAMISETA MASC - PRETA-PRETO-XL;BODY STYLE;XL;PRETO;0,00;39,00;79,00;61091000;30;11;19;UN
790000006282;REG C/CAPUZ FEM - VINHO-VINHO-S;BODY STYLE;S;VINHO;0,00;37,00;69,00;61062000;30;11;19;UN
790000006283;REG C/CAPUZ FEM - VINHO-VINHO-M;BODY STYLE;M;VINHO;0,00;37,00;69,00;61062000;30;11;19;UN
790000006284;REG C/CAPUZ FEM - VINHO-VINHO-L;BODY STYLE;L;VINHO;0,00;37,00;69,00;61062000;30;11;19;UN
790000006285;CAM ML MASC-TERRA COTA-TERRA COTA-S;BODY STYLE;S;TERRA COTA;0,00;50,00;100,00;61091000;30;11;19;UN
790000006286;CAM ML MASC-TERRA COTA-TERRA COTA-M;BODY STYLE;M;TERRA COTA;0,00;50,00;100,00;61091000;30;11;19;UN
790000006287;CAM ML MASC-TERRA COTA-TERRA COTA-L;BODY STYLE;L;TERRA COTA;0,00;50,00;100,00;61091000;30;11;19;UN
790000006288;CAM ML MASC-TERRA COTA-TERRA COTA-XL;BODY STYLE;XL;TERRA COTA;0,00;50,00;100,00;61091000;30;11;19;UN
790000006367;CAMISETA MASC - VERMELHA-VERMELHO-S;BODY STYLE;S;VERMELHO;0,00;39,00;79,00;61091000;30;11;19;UN
790000006368;CAMISETA MASC - VERMELHA-VERMELHO-M;BODY STYLE;M;VERMELHO;0,00;39,00;79,00;61091000;30;11;19;UN
790000006369;CAMISETA MASC - VERMELHA-VERMELHO-L;BODY STYLE;L;VERMELHO;0,00;39,00;79,00;61091000;30;11;19;UN
790000006370;CAMISETA MASC - VERMELHA-VERMELHO-XL;BODY STYLE;XL;VERMELHO;0,00;39,00;79,00;61091000;30;11;19;UN
790000006371;CAMISETA MASC - MARINHO-MARINHO-S;BODY STYLE;S;MARINHO;0,00;39,00;79,00;61091000;30;11;19;UN
790000006372;CAMISETA MASC - MARINHO-MARINHO-M;BODY STYLE;M;MARINHO;0,00;39,00;79,00;61091000;30;11;19;UN
790000006373;CAMISETA MASC - MARINHO-MARINHO-L;BODY STYLE;L;MARINHO;0,00;39,00;79,00;61091000;30;11;19;UN
790000006374;CAMISETA MASC - MARINHO-MARINHO-XL;BODY STYLE;XL;MARINHO;0,00;39,00;79,00;61091000;30;11;19;UN
790000006375;CAMISETA MASC - CHUMBO-CHUMBO-S;BODY STYLE;S;CHUMBO;0,00;39,00;79,00;61091000;30;11;19;UN
790000006376;CAMISETA MASC - CHUMBO-CHUMBO-M;BODY STYLE;M;CHUMBO;0,00;39,00;79,00;61091000;30;11;19;UN
790000006377;CAMISETA MASC - CHUMBO-CHUMBO-L;BODY STYLE;L;CHUMBO;0,00;39,00;79,00;61091000;30;11;19;UN
790000006378;CAMISETA MASC - CHUMBO-CHUMBO-XL;BODY STYLE;XL;CHUMBO;0,00;39,00;79,00;61091000;30;11;19;UN
790000006379;CAMISETA MASC - VERDE-VERDE-S;BODY STYLE;S;VERDE;0,00;39,00;79,00;61091000;30;11;19;UN
790000006380;CAMISETA MASC - VERDE-VERDE-M;BODY STYLE;M;VERDE;0,00;39,00;79,00;61091000;30;11;19;UN
790000006381;CAMISETA MASC - VERDE-VERDE-L;BODY STYLE;L;VERDE;0,00;39,00;79,00;61091000;30;11;19;UN
790000006382;CAMISETA MASC - VERDE-VERDE-XL;BODY STYLE;XL;VERDE;0,00;39,00;79,00;61091000;30;11;19;UN
790000006415;TOP C/ TULE - CHUMBO-CHUMBO-S;BODY STYLE;S;CHUMBO;0,00;39,00;69,00;61091000;30;11;19;UN
790000006416;TOP C/ TULE - CHUMBO-CHUMBO-M;BODY STYLE;M;CHUMBO;0,00;39,00;69,00;61091000;30;11;19;UN
790000006417;TOP C/ TULE - CHUMBO-CHUMBO-L;BODY STYLE;L;CHUMBO;0,00;39,00;69,00;61091000;30;11;19;UN
790000006435;CAMISA MASC. MARINHO-MARINHO-S;BODY STYLE;S;MARINHO;0,00;39,00;79,00;61091000;30;11;19;UN
790000006436;CAMISA MASC. MARINHO-MARINHO-M;BODY STYLE;M;MARINHO;0,00;39,00;79,00;61091000;30;11;19;UN
790000006437;CAMISA MASC. MARINHO-MARINHO-L;BODY STYLE;L;MARINHO;0,00;39,00;79,00;61091000;30;11;19;UN
790000006438;CAMISA MASC. MARINHO-MARINHO-XL;BODY STYLE;XL;MARINHO;0,00;39,00;79,00;61091000;30;11;19;UN
790000006439;CAMISA BASICA MASC. VERDE-VERDE-S;BODY STYLE;S;VERDE;0,00;39,00;79,00;61091000;30;11;19;UN
790000006440;CAMISA BASICA MASC. VERDE-VERDE-M;BODY STYLE;M;VERDE;0,00;39,00;79,00;61091000;30;11;19;UN
790000006441;CAMISA BASICA MASC. VERDE-VERDE-L;BODY STYLE;L;VERDE;0,00;39,00;79,00;61091000;30;11;19;UN
790000006442;CAMISA BASICA MASC. VERDE-VERDE-XL;BODY STYLE;XL;VERDE;0,00;39,00;79,00;61091000;30;11;19;UN
790000006445;CAMISA MASC. MARINHO-MARINHO-L;BODY STYLE;L;MARINHO;0,00;39,00;79,00;61091000;30;11;19;UN
790000006446;CAMISA MASC. MARINHO-MARINHO-XL;BODY STYLE;XL;MARINHO;0,00;39,00;79,00;61091000;30;11;19;UN
790000006443;CAMISA MASC. MARINHO-MARINHO-S;BODY STYLE;S;MARINHO;0,00;39,00;79,00;61091000;30;11;19;UN
790000006444;CAMISA MASC. MARINHO-MARINHO-M;BODY STYLE;M;MARINHO;0,00;39,00;79,00;61091000;30;11;19;UN
790000006499;CAL?A LEGGING - CHUMBO-CHUMBO-S;BODY STYLE;S;CHUMBO;0,00;65,00;90,00;62046300;30;11;19;UN
790000006500;CAL?A LEGGING - CHUMBO-CHUMBO-M;BODY STYLE;M;CHUMBO;0,00;65,00;90,00;62046300;30;11;19;UN
790000006501;CAL?A LEGGING - CHUMBO-CHUMBO-L;BODY STYLE;L;CHUMBO;0,00;65,00;90,00;62046300;30;11;19;UN
790000006506;BERMUDA MARINHO-MARINHO-S;BODY STYLE;S;MARINHO;0,00;55,00;119,00;61012000;30;11;19;UN
790000006507;BERMUDA MARINHO-MARINHO-M;BODY STYLE;M;MARINHO;0,00;55,00;119,00;61012000;30;11;19;UN
790000006508;BERMUDA MARINHO-MARINHO-L;BODY STYLE;L;MARINHO;0,00;55,00;119,00;61012000;30;11;19;UN
790000006509;BERMUDA MARINHO-MARINHO-XL;BODY STYLE;XL;MARINHO;0,00;55,00;119,00;61012000;30;11;19;UN
790000006510;BERMUDA AZUL MESCLA-AZUL-S;BODY STYLE;S;AZUL;0,00;55,00;119,00;61012000;30;11;19;UN
790000006511;BERMUDA AZUL MESCLA-AZUL-M;BODY STYLE;M;AZUL;0,00;55,00;119,00;61012000;30;11;19;UN
790000006512;BERMUDA AZUL MESCLA-AZUL-L;BODY STYLE;L;AZUL;0,00;55,00;119,00;61012000;30;11;19;UN
790000006513;BERMUDA AZUL MESCLA-AZUL-XL;BODY STYLE;XL;AZUL;0,00;55,00;119,00;61012000;30;11;19;UN
790000006514;BERMUDA PRETO MESCLA-PRETO-S;BODY STYLE;S;PRETO;0,00;55,00;119,00;61012000;30;11;19;UN
790000006515;BERMUDA PRETO MESCLA-PRETO-M;BODY STYLE;M;PRETO;0,00;55,00;119,00;61012000;30;11;19;UN
790000006516;BERMUDA PRETO MESCLA-PRETO-L;BODY STYLE;L;PRETO;0,00;55,00;119,00;61012000;30;11;19;UN
790000006517;BERMUDA PRETO MESCLA-PRETO-XL;BODY STYLE;XL;PRETO;0,00;55,00;119,00;61012000;30;11;19;UN
790000006518;BERMUDA CINZA-CINZA-S;BODY STYLE;S;CINZA;0,00;55,00;119,00;61012000;30;11;19;UN
790000006519;BERMUDA CINZA-CINZA-M;BODY STYLE;M;CINZA;0,00;55,00;119,00;61012000;30;11;19;UN
790000006520;BERMUDA CINZA-CINZA-L;BODY STYLE;L;CINZA;0,00;55,00;119,00;61012000;30;11;19;UN
790000006521;BERMUDA CINZA-CINZA-XL;BODY STYLE;XL;CINZA;0,00;55,00;119,00;61012000;30;11;19;UN
